"ID","Name","Country","Age","Sex","sport_1","sport_2","sport_3","Date_1","Date_2","Date_3","Date_4","post_count_1","post_count_2","post_count_3","post_count_4","follower_count_1","follower_count_2","follower_count_3","follower_count_4","following_count_1","following_count_2","following_count_3","following_count_4","max_likes_1","max_likes_2","max_likes_3","max_likes_4","n_comments_1","n_comments_2","n_comments_3","n_comments_4","n_self_in_1","n_self_in_2","n_self_in_3","n_self_in_4","n_only_self_1","n_only_self_2","n_only_self_3","n_only_self_4"
142,"Usain Bolt","Jamaica",33,"m","100 metres","200 metres",NA,2019-08-09,2019-09-09,2019-10-09,2019-11-09,"1244","1262","1272","1281",9233024,9299603,9329439,9335197,194,202,193,197,165485,581628,181719,139162,748,3353,757,403,9,9,9,10,2,3,2,0
148,"Wayde van Niekerk","South Africa",27,"m","400 metres",NA,NA,2019-08-09,2019-09-09,2019-10-09,2019-11-09,"68","76","91","109",285037,289456,297579,302556,763,763,764,766,13461,14434,24224,20711,43,45,131,164,7,9,10,9,6,8,6,8
114,"David Rudisha","Kenya",31,"m","800 metres",NA,NA,2019-08-09,2019-09-09,2019-10-09,2019-11-09,"199","199","204","40",81965,82564,82978,83321,207,210,222,224,10260,10339,7173,12647,105,106,55,122,10,10,10,10,8,8,7,4
93,"Matthew Centrowitz, Jr.","United States",30,"m","1500 metres",NA,NA,2019-08-09,2019-09-09,2019-10-09,2019-11-09,"376","376","384","386",84142,84337,86782,89355,2,2,2,2,14914,14971,15055,15094,180,182,184,183,10,10,10,9,7,7,6,6
52,"Mo Farah","Great Britain",36,"m","5000 metres","10,000 metres",NA,2019-08-09,2019-09-09,2019-10-09,2019-11-09,"1910","1922","1928","1936",870317,879397,887735,894229,362,362,367,369,33932,34525,47997,78647,187,192,253,675,10,9,9,10,7,7,7,5
2,"Omar McLeod","Jamaica",25,"m","110 metres hurdles",NA,NA,2019-08-09,2019-09-09,2019-10-09,2019-11-09,"265","271","275","276",80724,82557,84280,84404,340,333,295,292,10265,10310,12353,12770,147,147,476,482,9,9,9,9,6,6,7,8
71,"Kerron Clement","United States",34,"m","400 metres hurdles",NA,NA,2019-08-09,2019-09-09,2019-10-09,2019-11-09,"42","42","42","46",16748,16731,16657,24403,574,587,617,630,2506,2529,2565,3990,26,25,26,244,10,10,10,9,8,7,8,7
23,"Conseslus Kipruto","Kenya",25,"m","3000 metres steeplechase",NA,NA,2019-08-09,2019-09-09,2019-10-09,2019-11-09,"46","47","48","52",6050,6044,7326,7498,4381,4305,4301,4301,1267,1274,1344,1802,23,23,23,26,10,10,10,10,8,8,8,6
74,"Eliud Kipchoge","Kenya",35,"m","Marathon",NA,NA,2019-08-09,2019-09-09,2019-10-09,2019-11-09,"270","279","296","321",521529,542877,579071,1030974,1647,1645,1646,1643,38348,87101,92483,222182,193,1410,1182,2000,9,9,9,9,2,2,4,6
27,"Derek Drouin","Canada",29,"m","High jump",NA,NA,2019-08-09,2019-09-09,2019-10-09,2019-11-09,"157","157","157","157",16013,16052,16027,15949,412,414,416,421,3565,3577,3592,3602,48,48,48,48,10,10,10,10,8,8,2,8
136,"Thiago Braz da Silva","Brazil",26,"m","Pole vault",NA,NA,2019-08-09,2019-09-09,2019-10-09,2019-11-09,"594","603","591","598",284536,285253,284776,286892,6004,6551,7435,7498,7635,9696,6621,6622,114,60,45,45,10,10,10,10,10,6,6,5
62,"Jeff Henderson","United States",30,"m","Long jump",NA,NA,2019-08-09,2019-09-09,2019-10-09,2019-11-09,"65","64","33","30",35026,34845,34135,33990,597,599,509,558,1680,3037,3574,3612,12,22,145,146,6,8,7,7,6,8,7,7
133,"Christian Taylor","United States",29,"m","Triple jump",NA,NA,2019-08-09,2019-09-09,2019-10-09,2019-11-09,"758","764","771","777",90556,92070,96886,98339,931,955,990,1009,4448,6044,9215,13474,39,37,116,363,9,7,6,6,6,3,4,5
109,"Ryan Crouser","United States",27,"m","Shot put",NA,NA,2019-08-09,2019-09-09,2019-10-09,2019-11-09,"248","254","260","261",33847,34368,35866,36195,505,513,520,526,8805,8813,8817,8821,242,242,242,241,9,9,9,9,8,8,6,7
97,"Dilshod Nazarov","Tajikistan",37,"m","Hammer throw",NA,NA,2019-08-09,2019-09-09,2019-10-09,2019-11-09,"75","76","78","78",7048,7179,8415,8531,2351,2349,2358,2360,1411,1490,2309,2355,39,39,164,164,4,4,5,5,3,3,3,3
138,"Thomas Röhler","Germany",28,"m","Javelin throw",NA,NA,2019-08-09,2019-09-09,2019-10-09,2019-11-09,"523","543","562","572",78346,78966,81078,81419,206,232,241,255,6297,7522,13779,14357,54,127,230,236,10,10,10,10,10,9,2,8
47,"Elaine Thompson","Jamaica",27,"f","100 metres","200 metres",NA,2019-08-09,2019-09-09,2019-10-09,2019-11-09,"113","102","107","115",162644,167752,173463,177518,388,250,230,199,16038,21962,29097,34747,178,202,1020,1236,10,10,10,10,10,9,9,6
58,"Shaunae Miller","Bahamas",25,"f","400 metres",NA,NA,2019-08-09,2019-09-09,2019-10-09,2019-11-09,"183","191","196","201",83807,94157,105713,108755,498,500,496,498,14516,26977,40396,51585,263,284,449,483,10,10,10,10,5,5,5,7
17,"Caster Semenya","South Africa",28,"f","800 metres",NA,NA,2019-08-09,2019-09-09,2019-10-09,2019-11-09,"1313","1354","1378","1406",160993,162335,164486,164760,818,823,825,833,6980,8230,4958,6756,67,113,34,51,5,5,2,8,4,5,1,6
46,"Faith Kipyegon","Kenya",25,"f","1500 metres",NA,NA,2019-08-09,2019-09-09,2019-10-09,2019-11-09,"30","32","35","35",1820,1998,2511,2624,89,89,89,89,492,512,561,572,26,25,25,25,9,10,9,9,2,3,2,2
15,"Brianna Rollins","United States",28,"f","100 metres hurdles",NA,NA,2019-08-10,2019-09-10,2019-10-10,2019-11-09,"158","161","162","167",69400,70505,69755,68922,719,722,719,740,6685,6772,6898,6922,130,131,134,134,10,10,10,9,7,9,9,9
24,"Dalilah Muhammad","United States",29,"f","400 metres hurdles",NA,NA,2019-08-10,2019-09-10,2019-10-10,2019-11-09,"290","293","301","304",35905,37600,50452,53543,5350,5317,5308,5313,10170,10401,17925,18693,436,438,640,647,10,10,10,10,2,8,6,6
115,"Ekaterini Stefanidi","Greece",29,"f","Pole vault",NA,NA,2019-08-10,2019-09-10,2019-10-10,2019-11-09,"436","1344","1350","1359",74290,15969,15981,15987,436,503,516,518,9290,1457,1480,1348,55,25,25,12,10,8,7,7,2,3,3,3
139,"Tianna Bartoletta","United States",34,"f","Long jump",NA,NA,2019-08-10,2019-09-10,2019-10-10,2019-11-09,"698","721","758","807",50341,50240,47394,48995,451,474,494,531,4326,2423,1626,2985,127,52,26,35,9,9,9,10,9,9,8,9
141,"Caterine Ibargüen","Colombia",35,"f","Triple jump",NA,NA,2019-08-10,2019-09-10,2019-10-10,2019-11-09,"436","438","439","441",591108,593207,599047,602302,563,590,610,632,43557,61383,62246,62614,580,845,852,854,10,10,10,10,7,8,9,10
122,"Michelle Carter","United States",34,"f","Shot put",NA,NA,2019-08-10,2019-09-10,2019-10-10,2019-11-09,"2053","2071","2084","2091",35947,35941,36211,36297,2412,2422,2437,2465,1587,2637,2029,2953,63,275,26,42,6,4,5,6,3,0,2,4
30,"Sandra Perković","Croatia",29,"f","Discus throw",NA,NA,2019-08-10,2019-09-10,2019-10-10,2019-11-09,"580","602","614","640",113967,115087,116527,116493,929,943,949,967,9116,12340,16920,5819,99,151,297,35,9,10,10,9,7,6,9,7
9,"Anita Włodarczyk","Poland",34,"f","Hammer throw",NA,NA,2019-08-10,2019-09-10,2019-10-10,2019-11-09,"494","505","518","534",28187,28551,29166,29407,239,241,251,242,5196,5225,5236,5243,261,259,259,259,6,7,7,7,6,6,5,4
120,"Sara Kolak","Croatia",24,"f","Javelin throw",NA,NA,2019-08-10,2019-09-10,2019-10-10,2019-11-09,"193","194","196","198",17177,17519,17653,17580,351,361,354,356,2693,3356,3421,3436,12,38,38,38,8,8,9,9,6,5,6,7
137,"Nafissatou Thiam","Belgium",25,"f","Heptathlon",NA,NA,2019-08-10,2019-09-10,2019-10-10,2019-11-09,"233","240","237","110",123964,128308,135665,136232,218,213,213,216,23565,21254,31891,32173,253,306,772,772,9,9,10,10,8,7,9,10
16,"Carolina Marin","Spain",26,"f","Badminton",NA,NA,2019-08-10,2019-09-10,2019-10-10,2019-11-09,"1328","1335","1349","1364",344902,350332,359734,365910,287,290,290,300,38113,38232,33527,31635,864,866,359,682,9,10,10,10,8,9,8,6
32,"Hasanboy Dusmatov","Uzbekistan",26,"m","Boxing Light flyweight",NA,NA,2019-08-10,2019-09-10,2019-10-10,2019-11-09,"256","255","257","262",362691,367276,369698,372596,209,217,222,231,32434,22079,22359,22685,508,430,438,441,10,10,10,10,4,5,5,6
108,"Robeisy Ramírez","Cuba",26,"m","Boxing Bantamweight",NA,NA,2019-08-10,2019-09-10,2019-10-10,2019-11-09,"33","33","33","33",3836,3860,3844,3805,679,678,677,676,665,1448,1455,1460,12,93,93,93,10,10,10,10,3,3,3,3
112,"Robson Conceição","Brazil",31,"m","Boxing Lightweight",NA,NA,2019-08-10,2019-09-10,2019-10-10,2019-11-09,"1115","1118","1121","1123",87702,87668,88279,88195,966,978,998,1003,11182,9145,11329,11368,71,320,72,72,10,10,10,9,9,9,9,8
48,"Fazliddin Gaibnazarov","Uzbekistan",28,"m","Boxing Light welterweight",NA,NA,2019-08-10,2019-09-10,2019-10-10,2019-11-09,"869","885","896","915",468021,480394,491459,503335,315,328,337,351,13846,14005,14660,13126,74,65,40,79,10,9,10,9,3,3,2,0
149,"Daniyar Yeleussinov","Kazakhstan",28,"m","Boxing Welterweight",NA,NA,2019-08-10,2019-09-10,2019-10-10,2019-11-09,"330","332","343","348",425439,425253,432450,433030,449,457,461,470,23194,23290,29023,29161,695,696,639,641,8,10,10,10,3,4,5,6
68,"Julio César La Cruz","Cuba",30,"m","Boxing Light heavyweight",NA,NA,2019-08-10,2019-09-10,2019-10-10,2019-11-09,"349","356","370","374",6006,6240,8331,8510,530,530,525,521,788,806,1628,1658,8,8,56,58,10,10,8,8,1,1,0,0
41,"Evgeny Tishchenko","Russia",28,"m","Boxing Heavyweight",NA,NA,2019-08-10,2019-09-10,2019-10-10,2019-11-09,"146","163","172","168",242,314,307,304,220,220,213,196,28,30,23,23,0,4,1,0,10,10,10,10,7,5,9,8
140,"Tony Yoka","France",27,"m","Boxing Super heavyweight",NA,NA,2019-08-10,2019-09-10,2019-10-10,2019-11-09,"514","523","536","538",344306,345388,350275,354391,268,272,287,290,46682,47118,47390,47983,208,205,206,206,10,10,10,10,1,0,0,1
98,"Nicola Adams","Great Britain",37,"f","Boxing Flyweight",NA,NA,2019-08-10,2019-09-10,2019-10-10,2019-11-09,"128","135","153","163",180250,168638,180123,185822,52,53,57,71,10639,10801,10751,10717,32,23,23,23,8,9,10,9,4,3,3,5
40,"Estelle Mossely","France",27,"f","Boxing Lightweight",NA,NA,2019-08-10,2019-09-10,2019-10-10,2019-11-09,"251","257","273","281",88365,89883,93367,105653,339,268,274,281,20082,20260,11659,21652,401,401,62,119,10,10,10,10,8,7,5,4
64,"Joe Clarke","Great Britain",27,"m","Canoeing Slalom K-1",NA,NA,2019-08-11,2019-09-11,2019-10-11,2019-11-10,"502","504","508","509",16252,16304,15968,16019,444,455,452,464,1409,1418,1019,1303,20,20,33,39,9,9,10,10,8,8,9,9
121,"Sebastian Brendel","Germany",31,"m","Canoeing Sprint C-1 1000 m",NA,NA,2019-08-11,2019-09-11,2019-10-11,2019-11-10,"207","216","223","231",12468,13006,13205,13407,284,287,300,308,2350,2171,2494,2503,24,6,9,9,10,10,10,10,8,8,6,6
56,"Liam Heath","Great Britain",35,"m","Canoeing Sprint K-1 200 m",NA,NA,2019-08-11,2019-09-11,2019-10-11,2019-11-10,"240","262","275","289",9802,10753,11075,11559,293,339,383,411,1718,2333,1924,1977,1,7,6,6,7,10,8,9,4,8,4,7
87,"Marcus Walz","Spain",25,"m","Canoeing Sprint K-1 1000 m",NA,NA,2019-08-11,2019-09-11,2019-10-11,2019-11-10,"817","835","850","858",19475,19881,19961,20017,784,1,0,1,2260,2793,1656,2257,10,28,8,14,10,10,10,10,4,3,4,5
82,"Lisa Carrington","New Zealand",30,"f","Canoeing Sprint K-1 200 m",NA,NA,2019-08-11,2019-09-11,2019-10-11,2019-11-10,"195","196","196","196",30978,33542,33919,33984,271,276,283,290,4908,4977,4997,4027,35,35,35,49,6,6,6,6,4,4,3,4
54,"Greg Van Avermaet","Belgium",34,"m","Cycling road race",NA,NA,2019-08-11,2019-09-11,2019-10-11,2019-11-10,"537","542","547","549",252692,254364,255302,254889,458,463,468,474,14836,14829,14838,14832,43,43,43,43,8,9,9,9,5,5,5,5
11,"Anna van der Breggen","Netherlands",29,"f","Cycling road race",NA,NA,2019-08-11,2019-09-11,2019-10-11,2019-11-10,"396","406","410","415",56382,56816,58817,59052,147,147,147,152,8382,5926,5982,5988,94,60,61,61,9,10,10,10,1,2,1,1
43,"Fabian Cancellara","Switzerland",38,"m","Cycling time trial",NA,NA,2019-08-11,2019-09-11,2019-10-11,2019-11-10,"429","433","438","444",305577,305933,305972,305872,479,481,481,485,17125,17161,15771,9445,155,155,115,32,10,10,10,10,8,6,4,5
77,"Kristin Armstrong","United States",46,"f","Cycling time trial",NA,NA,2019-08-11,2019-09-11,2019-10-11,2019-11-10,"395","401","410","412",4877,4964,5042,5122,594,606,621,631,763,760,595,599,28,28,18,18,4,5,3,3,3,3,3,2
35,"Elia Viviani","Italy",30,"m","Track cycling Omnium",NA,NA,2019-08-11,2019-09-11,2019-10-11,2019-11-10,"1402","1413","1425","1439",192582,198393,200528,203146,740,746,752,757,19754,30803,15558,19530,200,252,76,98,9,10,10,10,6,8,6,5
36,"Elis Ligtlee","Netherlands",25,"f","Track cycling Keirin",NA,NA,2019-08-11,2019-09-11,2019-10-11,2019-11-10,"748","759","767","774",4602,5447,5492,5545,588,598,604,606,261,1023,1743,1755,7,152,221,223,9,10,9,8,3,6,5,5
80,"Laura Trott","Great Britain",27,"f","Track cycling Omnium",NA,NA,2019-08-11,2019-09-11,2019-10-11,2019-11-10,"555","556","558","558",171477,170590,169963,170172,422,431,438,456,7898,7905,7903,7920,141,141,141,141,6,6,4,5,2,2,2,2
76,"Kristina Vogel","Germany",29,"f","Track cycling Individual Sprint",NA,NA,2019-08-11,2019-09-11,2019-10-11,2019-11-10,"974","987","1001","1010",70622,70623,70584,71440,599,614,639,671,5967,6047,5075,5602,67,69,41,50,10,9,10,10,10,5,4,7
100,"Nino Schurter","Switzerland",33,"m","Mountain biking",NA,NA,2019-08-11,2019-09-11,2019-10-11,2019-11-10,"1437","1460","1480","1488",438254,454627,463509,468562,195,174,177,180,31762,76740,76906,34269,120,1022,1023,130,7,8,10,10,7,7,8,7
63,"Jenny Rissveds","Sweden",25,"f","Mountain biking",NA,NA,2019-08-11,2019-09-11,2019-10-11,2019-11-10,"1138","1141","1144","1147",123488,133547,133948,133812,83,82,84,86,18753,18899,18909,17102,387,387,387,523,9,9,8,8,8,7,6,7
22,"Connor Fields","United States",27,"m","BMX",NA,NA,2019-08-11,2019-09-11,2019-10-11,2019-11-10,"67","73","75","76",25404,29691,30248,30420,1686,1702,1725,1737,5288,5325,5713,5747,41,42,66,67,9,9,10,9,2,3,4,3
88,"Mariana Pajón","Colombia",28,"f","BMX",NA,NA,2019-08-11,2019-09-11,2019-10-11,2019-11-10,"362","365","368","369",1923158,1933768,1936994,1939798,165,165,166,165,81016,81440,81667,81794,170,171,172,173,10,10,10,10,1,6,6,6
19,"Charlotte Dujardin","Great Britain",34,"f","Equestrian Individual dressage",NA,NA,2019-08-11,2019-09-11,2019-10-11,2019-11-10,"800","805","810","815",292652,298809,302311,306538,77,80,81,82,28737,35921,36329,36548,221,194,196,196,8,8,8,8,1,2,4,5
25,"Daniele Garozzo","Italy",27,"m","Fencing Individual foil",NA,NA,2019-08-11,2019-09-11,2019-10-11,2019-11-10,"782","788","792","797",21805,21886,21891,22001,616,624,623,630,2179,2220,2227,2233,15,15,15,15,10,10,10,10,2,0,0,0
131,"Áron Szilágyi","Hungary",29,"m","Fencing Individual sabre",NA,NA,2019-08-11,2019-09-11,2019-10-11,2019-11-10,"166","169","169","172",10966,11114,11187,11392,242,242,245,247,2488,2498,2503,3092,41,41,41,19,10,10,10,10,5,6,7,7
37,"Emese Szász","Hungary",37,"f","Fencing Individual épée",NA,NA,2019-08-11,2019-09-11,2019-10-11,2019-11-10,"445","448","452","458",7146,7355,7366,7374,386,390,390,389,1086,2558,2567,2195,12,132,132,45,10,9,8,9,6,4,2,1
33,"Yana Egorian","Russia",26,"f","Fencing Individual sabre",NA,NA,2019-08-11,2019-09-11,2019-10-11,2019-11-10,"1080","1096","974","984",64457,65944,65270,64353,138,112,113,115,5474,5618,3384,3835,159,161,98,144,10,10,10,10,7,6,3,5
69,"Justin Rose","Great Britain",39,"m","Golf",NA,NA,2019-08-11,2019-09-11,2019-10-11,2019-11-10,"745","761","777","797",646891,652137,656223,659921,179,185,188,190,11664,10558,16494,8780,100,210,137,93,9,9,8,8,8,7,5,6
44,"Fabian Hambüchen","Germany",32,"m","Gymnastics Horizontal bar",NA,NA,2019-08-11,2019-09-11,2019-10-11,2019-11-10,"196","204","210","214",46819,47298,48500,49670,1049,1064,1081,1103,11038,11268,11485,11623,119,127,129,133,9,9,9,9,7,7,6,5
143,"Oleg Vernyayev","Ukraine",26,"m","Gymnastics Parallel bars",NA,NA,2019-08-11,2019-09-11,2019-10-11,2019-11-10,"209","217","226","243",21175,27878,29262,31752,217,212,235,241,3184,3873,3717,6408,14,59,60,94,8,10,10,10,6,7,5,5
34,"Eleftherios Petrounias","Greece",29,"m","Gymnastics Rings",NA,NA,2019-08-11,2019-09-11,2019-10-11,2019-11-10,"787","795","802","811",209432,211767,213180,218862,879,876,877,876,32149,32866,23320,83743,93,92,103,1889,9,10,10,10,7,8,8,7
123,"Simone Biles","United States",22,"f","Gymnastics Individual all-around","Gymnastics Floor exercise","Gymnastics Vault",2019-08-11,2019-09-11,2019-10-11,2019-11-10,"2155","2170","2188","2213",3351009,3525596,3570004,3727287,92,96,101,107,187302,184532,330335,307087,1035,573,4121,969,10,10,10,10,6,3,7,8
118,"Sanne Wevers","Netherlands",28,"f","Gymnastics Balance beam",NA,NA,2019-08-11,2019-09-11,2019-10-11,2019-11-10,"432","434","439","443",74328,74273,74988,75212,535,542,540,545,8530,11054,12583,12634,64,192,685,685,10,10,10,10,4,4,4,2
96,"Aliya Mustafina","Russia",25,"f","Gymnastics Uneven bars",NA,NA,2019-08-11,2019-09-11,2019-10-11,2019-11-10,"580","585","589","596",199659,199808,199817,199485,493,497,507,520,12892,15700,16010,13835,186,90,96,104,10,10,10,10,7,4,3,4
111,"Margarita Mamun","Russia",24,"f","Rhythmic Individual all-around",NA,NA,2019-08-11,2019-09-11,2019-10-11,2019-11-10,"2044","2062","2074","2091",391243,394331,398158,401495,301,300,301,309,40119,68401,111590,47712,118,238,4321,1039,10,8,7,8,5,5,6,5
113,"Rosie MacLennan","Canada",31,"f","Trampoline",NA,NA,2019-08-11,2019-09-11,2019-10-11,2019-11-10,"1021","1028","1037","1040",17727,17819,17885,17901,588,593,597,602,1191,1104,2025,2034,11,18,38,41,10,10,10,10,5,5,4,5
14,"Beslan Mudranov","Russia",33,"m","Judo Extra-lightweight",NA,NA,2019-08-11,2019-09-11,2019-10-11,2019-11-10,"215","221","229","236",77367,78495,79763,81322,926,930,935,938,4831,4883,6013,6127,30,32,23,23,9,10,10,10,1,1,0,0
45,"Fabio Basile","Italy",25,"m","Judo Half-lightweight",NA,NA,2019-08-11,2019-09-11,2019-10-11,2019-11-10,"808","816","827","838",222472,221803,221527,221505,464,463,473,455,18704,31528,14167,25325,116,484,94,152,10,10,10,10,10,10,8,7
103,"Shohei Ono","Japan",27,"m","Judo Lightweight",NA,NA,2019-08-11,2019-09-11,2019-10-11,2019-11-10,"356","368","375","377",121573,138376,144989,147947,588,602,613,620,17370,16289,22107,22641,82,54,141,141,10,10,10,10,3,4,7,5
72,"Khasan Khalmurzaev","Russia",26,"m","Judo Half-middleweight",NA,NA,2019-08-11,2019-09-11,2019-10-11,2019-11-10,"250","254","260","263",73179,74138,75042,75492,215,215,219,224,3299,3322,3353,4336,36,26,37,19,7,5,6,6,2,0,0,0
83,"Lukáš Krpálek","Czech Republic",29,"m","Judo Half-heavyweight",NA,NA,2019-08-11,2019-09-11,2019-10-11,2019-11-10,"370","391","406","415",44368,51048,53907,55026,263,272,274,279,4077,15097,5093,5409,30,251,60,11,10,10,6,9,2,6,4,5
135,"Teddy Riner","France",30,"m","Judo Heavyweight",NA,NA,2019-08-11,2019-09-11,2019-10-11,2019-11-10,"509","516","526","531",419040,426924,437614,445317,139,139,141,142,49098,49403,34872,40486,618,613,180,355,9,9,8,9,4,3,3,3
105,"Paula Pareto","Argentina",33,"f","Judo Extra-lightweight",NA,NA,2019-08-11,2019-09-11,2019-10-11,2019-11-10,"729","733","738","742",163844,165676,165988,166045,254,259,262,265,22391,22865,23479,23500,909,926,221,221,10,10,8,8,6,5,4,4
107,"Rafaela Silva","Brazil",27,"f","Judo Lightweight",NA,NA,2019-08-11,2019-09-11,2019-10-11,2019-11-10,"1567","1581","1609","1630",294141,297242,298614,298174,1029,1029,1038,1059,22240,15389,28652,9504,563,289,493,33,10,10,10,10,4,5,3,5
67,"Kayla Harrison","United States",29,"f","Judo Half-heavyweight",NA,NA,2019-08-11,2019-09-11,2019-10-11,2019-11-10,"582","583","578","579",70399,75231,76380,78970,401,393,379,355,9064,9377,7395,7637,237,241,140,207,9,9,9,10,3,2,3,3
38,"Émilie Andéol","France",32,"f","Judo Heavyweight",NA,NA,2019-08-11,2019-09-11,2019-10-11,2019-11-10,"278","300","305","312",6166,6466,6546,6597,478,485,493,492,441,1343,1343,764,0,14,14,13,7,7,10,8,2,4,6,5
6,"Aleksander Lesun","Russia",31,"m","Modern pentathlon",NA,NA,2019-08-11,2019-09-11,2019-10-11,2019-11-10,"38","38","39","42",1297,1351,1420,1478,158,157,169,170,505,511,524,529,8,8,8,8,7,8,7,8,3,4,4,5
20,"Chloe Esposito","Australia",28,"f","Modern pentathlon",NA,NA,2019-08-11,2019-09-11,2019-10-11,2019-11-10,"923","925","925","926",11600,11595,11650,11633,1408,1437,1458,1468,991,1445,1469,14777,24,39,41,41,10,10,10,10,8,8,8,7
86,"Mahé Drysdale","New Zealand",41,"m","Rowing Single sculls",NA,NA,2019-08-12,2019-09-12,2019-10-12,2019-11-11,"173","178","180","180",30497,30860,30965,31029,93,100,100,100,4046,3874,3817,3831,12,12,32,31,5,7,6,7,0,0,0,0
18,"Charline Picon","France",35,"f","Sailing RS:X",NA,NA,2019-08-12,2019-09-12,2019-10-12,2019-11-11,"515","524","526","529",6971,7133,7208,7267,589,599,615,682,666,879,879,1143,4,10,10,20,6,9,10,10,4,7,8,9
89,"Marit Bouwmeester","Netherlands",31,"f","Sailing Laser Radial",NA,NA,2019-08-12,2019-09-12,2019-10-12,2019-11-11,"637","646","653","657",18689,18933,18934,19055,498,507,504,513,2109,1703,1740,1481,53,47,27,24,10,10,10,10,10,8,7,10
81,"Dorian van Rijsselberghe","Netherlands",31,"m","Sailing RS:X",NA,NA,2019-08-12,2019-09-12,2019-10-12,2019-11-11,"1030","1041","1056","1066",16245,16323,16678,16749,2204,2226,2256,2298,950,1147,1968,1296,8,16,59,88,8,10,9,9,6,9,5,4
134,"Tom Burton","Australia",29,"m","Sailing Laser",NA,NA,2019-08-12,2019-09-12,2019-10-12,2019-11-11,"203","204","204","204",3652,3755,3779,3835,441,442,442,443,530,542,544,548,7,7,7,7,10,10,10,10,8,9,9,8
50,"Giles Scott","Great Britain",32,"m","Sailing Finn",NA,NA,2019-08-12,2019-09-12,2019-10-12,2019-11-11,"44","45","46","49",2208,2279,2329,2370,278,278,280,284,571,574,576,576,10,10,10,10,8,8,9,9,7,7,7,7
65,"Jin Jong-oh","South Korea",40,"m","Shooting 50 metre pistol",NA,NA,2019-08-12,2019-09-12,2019-10-12,2019-11-11,"156","162","165","171",6547,7000,7103,7434,1620,1626,1629,1650,773,1215,1244,1344,91,137,138,152,3,4,4,3,2,3,2,2
49,"Gabriele Rossetti","Italy",24,"m","Shooting Skeet",NA,NA,2019-08-12,2019-09-12,2019-10-12,2019-11-11,"120","122","122","122",3297,3309,3324,3330,286,291,291,296,607,381,608,386,31,3,31,3,10,10,10,10,4,3,5,3
51,"Virginia Thrasher","United States",22,"f","Shooting 10 metre air rifle",NA,NA,2019-08-12,2019-09-12,2019-10-12,2019-11-11,"115","119","121","124",4065,4176,4284,4442,55,55,55,56,671,675,677,759,14,14,14,21,8,8,8,9,6,6,6,6
10,"Anna Korakaki","Greece",23,"f","Shooting 25 metre pistol",NA,NA,2019-08-12,2019-09-12,2019-10-12,2019-11-11,"526","531","536","544",106145,108152,108073,107558,576,594,621,636,10985,11252,12809,10742,53,58,115,75,9,9,9,9,6,7,7,7
12,"Anthony Ervin","United States",38,"m","Swimming 50 m freestyle",NA,NA,2019-08-12,2019-09-12,2019-10-12,2019-11-11,"360","365","369","369",57233,57239,57106,57229,756,768,776,793,8014,7701,7712,7739,76,69,69,69,7,7,8,8,4,5,5,5
78,"Kyle Chalmers","Australia",21,"m","Swimming 100 m freestyle",NA,NA,2019-08-12,2019-09-12,2019-10-12,2019-11-11,"210","216","216","225",61892,62019,62034,64096,347,352,357,377,9755,10228,10251,5895,113,199,199,6866,10,10,10,9,3,2,3,4
128,"Sun Yang","China",28,"m","Swimming 200 m freestyle",NA,NA,2019-08-12,2019-09-12,2019-10-12,2019-11-11,"209","209","209","209",10801,10744,10707,10668,65,65,65,65,4279,4292,4309,4327,2997,2978,2979,2987,8,8,8,8,6,5,6,5
85,"Mack Horton","Australia",23,"m","Swimming 400 m freestyle",NA,NA,2019-08-12,2019-09-12,2019-10-12,2019-11-11,"553","557","526","565",77972,77027,76150,75538,995,1010,1021,1040,4033,4666,4679,4689,479,1,0,1,9,10,9,9,3,4,5,5
53,"Gregorio Paltrinieri","Italy",25,"m","Swimming 1500 m freestyle",NA,NA,2019-08-12,2019-09-12,2019-10-12,2019-11-11,"481","487","492","496",281200,282015,281468,280471,825,829,846,855,69137,36607,32062,20273,1446,163,70,89,10,10,10,10,6,6,6,6
116,"Ryan Murphy","United States",24,"m","Swimming 100 m backstroke","Swimming 200 m backstroke",NA,2019-08-12,2019-09-12,2019-10-12,2019-11-11,"299","304","309","317",114881,115561,115804,116722,867,883,886,895,13635,13724,13775,10497,66,41,41,21,10,10,10,10,4,4,5,4
4,"Adam Peaty","Great Britain",25,"m","Swimming 100 m breaststroke",NA,NA,2019-08-12,2019-09-12,2019-10-12,2019-11-11,"704","717","733","744",422871,420938,421028,430912,730,742,765,815,104180,65357,71829,54420,1348,302,393,1405,10,10,10,10,6,5,10,7
31,"Dmitriy Balandin","Kazakhstan",24,"m","Swimming 200 m breaststroke",NA,NA,2019-08-12,2019-09-12,2019-10-12,2019-11-11,"71","73","75","76",14502,14432,14391,14370,491,490,509,524,6210,6250,6266,6281,16,17,18,18,10,10,10,10,6,6,7,8
66,"Joseph Schooling","Singapore",24,"m","Swimming 100 m butterfly",NA,NA,2019-08-12,2019-09-12,2019-10-12,2019-11-11,"340","346","351","355",167756,168511,168275,168361,520,521,525,534,14761,14914,23919,24293,146,147,102,105,10,10,10,8,7,5,4,5
84,"Michael Phelps","United States",34,"m","Swimming 200 m butterfly","Swimming 200 m individual medley",NA,2019-08-12,2019-09-12,2019-10-12,2019-11-11,"1320","1326","1331","1336",3400081,3412068,3414819,3415535,207,211,208,210,284932,358943,376256,377488,1450,3241,3477,3502,7,7,8,8,1,0,0,0
75,"Kosuke Hagino","Japan",25,"m","Swimming 400 m individual medley",NA,NA,2019-08-12,2019-09-12,2019-10-12,2019-11-11,"160","162","162","163",11743,12701,12673,12711,14,14,14,14,3360,3405,3402,3403,131,132,130,130,10,10,10,10,7,6,6,6
144,"Ferry Weertman","Netherlands",27,"m","Swimming 10 km open water",NA,NA,2019-08-12,2019-09-12,2019-10-12,2019-11-11,"690","696","701","702",13452,13446,13553,13619,343,324,338,347,2764,1632,1873,1899,37,12,24,25,10,10,10,10,5,4,6,6
106,"Pernille Blume","Denmark",25,"f","Swimming 50 m freestyle",NA,NA,2019-08-12,2019-09-12,2019-10-12,2019-11-11,"138","143","173","178",103998,103888,104272,105979,683,709,725,734,9368,11717,11828,10063,66,87,90,69,10,9,10,9,9,8,8,7
130,"Simone Manuel","United States",23,"f","Swimming 100 m freestyle",NA,NA,2019-08-12,2019-09-12,2019-10-12,2019-11-11,"652","659","666","670",157193,159091,159616,160583,941,960,759,771,15685,15763,13819,13793,71,71,42,46,9,10,10,10,8,9,9,9
70,"Katie Ledecky","United States",22,"f","Swimming 200 m freestyle","Swimming 400 m freestyle","Swimming 800 m freestyle",2019-08-12,2019-09-12,2019-10-12,2019-11-11,"182","189","199","208",394066,394954,394979,396393,538,545,574,578,43060,43174,23910,25426,397,401,71,75,10,10,10,9,7,7,6,7
59,"Katinka Hosszú","Hungary",30,"f","Swimming 100 m backstroke","Swimming 200 m individual medley","Swimming 400 m individual medley",2019-08-12,2019-09-12,2019-10-12,2019-11-11,"2067","2081","2096","2120",382032,384674,387867,394887,505,507,507,513,49157,33935,24652,45029,658,153,53,110,10,10,10,9,7,8,7,7
92,"Maya DiRado","United States",26,"f","Swimming 200 m backstroke",NA,NA,2019-08-12,2019-09-12,2019-10-12,2019-11-11,"135","135","136","137",86450,85758,85014,84358,542,543,550,551,13998,13997,14009,14017,41,41,41,41,10,10,10,10,1,1,1,1
1,"Lilly King","United States",22,"f","Swimming 100 m breaststroke",NA,NA,2019-08-12,2019-09-12,2019-10-12,2019-11-11,"338","340","342","346",91903,93128,93947,95188,680,683,684,687,18951,19023,19066,19102,338,338,338,338,9,10,10,10,8,7,8,8
119,"Sarah Sjöström","Sweden",26,"f","Swimming 100 m butterfly",NA,NA,2019-08-12,2019-09-12,2019-10-12,2019-11-11,"807","819","833","849",219613,221736,222793,225533,256,257,272,277,57935,26784,18409,14208,951,78,100,42,10,10,10,10,7,7,6,8
129,"Sharon van Rouwendaal","Netherlands",26,"f","Swimming 10 km open water",NA,NA,2019-08-12,2019-09-12,2019-10-12,2019-11-11,"865","880","891","898",27614,27636,27506,27562,217,211,183,185,3739,2847,2039,2944,92,161,13,34,10,10,10,10,6,7,10,8
29,"Ding Ning","China",29,"f","Table tennis",NA,NA,2019-08-12,2019-09-12,2019-10-12,2019-11-11,"1541","1541","1549","1549",19691,19607,19611,19647,5263,5247,5222,5211,2177,2183,2183,2185,53,53,53,53,10,10,10,10,6,7,5,6
5,"Ahmad Abughaush","Jordan",23,"m","Taekwondo Featherweight",NA,NA,2019-08-12,2019-09-12,2019-10-12,2019-11-11,"480","483","483","483",73998,75853,76921,77162,377,386,382,363,21181,19688,20388,20829,483,365,378,382,10,10,10,10,5,6,8,6
3,"Radik Isayev","Azerbaijan",30,"m","Taekwondo Heavyweight",NA,NA,2019-08-12,2019-09-12,2019-10-12,2019-11-11,"44","47","55","57",13546,13611,13755,13757,375,365,395,408,1569,1348,1613,1471,21,18,21,21,10,10,10,10,2,8,3,5
61,"Jade Jones","Great Britain",26,"f","Taekwondo Featherweight",NA,NA,2019-08-12,2019-09-12,2019-10-12,2019-11-11,"700","708","715","717",152450,155671,156189,157012,420,450,460,463,17941,14349,14517,18157,182,129,130,171,10,10,10,10,8,9,10,10
102,"Oh Hye-ri","South Korea",31,"f","Taekwondo Welterweight",NA,NA,2019-08-12,2019-09-12,2019-10-12,2019-11-11,"372","372","378","382",7148,7087,7045,7054,332,331,335,335,947,949,950,949,72,72,72,72,10,10,10,10,7,7,6,7
8,"Andy Murray","Great Britain",32,"m","Tennis",NA,NA,2019-08-12,2019-09-12,2019-10-12,2019-11-11,"370","370","370","370",1707363,1707373,1706133,1709895,223,235,236,238,395660,395756,395790,395962,17500,17400,17400,17400,10,10,10,10,5,6,6,5
95,"Monica Puig","Puerto Rico",26,"f","Tennis",NA,NA,2019-08-12,2019-09-12,2019-10-12,2019-11-11,"64","72","87","103",492401,495924,498217,501377,280,278,294,368,15687,15759,13967,18552,64,66,255,205,9,10,9,9,9,8,7,6
7,"Alistair Brownlee","Great Britain",31,"m","Triathlon",NA,NA,2019-08-12,2019-09-12,2019-10-12,2019-11-11,"246","253","260","265",151675,158037,164723,171470,483,503,530,549,20979,20972,21011,21032,323,323,323,324,8,10,10,10,7,9,9,9
55,"Gwen Jorgensen","United States",33,"f","Triathlon",NA,NA,2019-08-12,2019-09-12,2019-10-12,2019-11-11,"978","995","1011","1031",180075,181624,182307,182891,298,281,281,160,7956,9952,6400,8882,77,112,57,25,10,10,7,10,6,6,2,8
104,"Óscar Figueroa","Colombia",36,"m","Weightlifting 62 kg",NA,NA,2019-08-12,2019-09-12,2019-10-12,2019-11-11,"97","96","96","96",85410,85417,90338,91880,62,61,61,60,2473,2473,2563,2604,20,20,21,21,9,10,10,10,4,4,5,4
99,"Nijat Rahimov","Kazakhstan",26,"m","Weightlifting 77 kg",NA,NA,2019-08-12,2019-09-12,2019-10-12,2019-11-11,"318","325","329","329",20790,20711,19764,19687,1,1,1,1,1145,1031,1032,1032,21,41,41,41,10,10,9,9,4,4,4,4
73,"Kianoush Rostami","Iran",28,"m","Weightlifting 85 kg",NA,NA,2019-08-12,2019-09-12,2019-10-12,2019-11-11,"189","190","193","195",155886,157207,162869,164129,230,233,238,249,22157,22671,30477,31577,414,578,0,1,9,9,8,7,6,8,6,6
125,"Sohrab Moradi","Iran",31,"m","Weightlifting 94 kg",NA,NA,2019-08-12,2019-09-12,2019-10-12,2019-11-11,"108","110","110","111",54346,54774,55434,55840,88,90,89,88,9737,9791,9872,9935,838,435,435,436,6,7,7,6,4,4,4,4
101,"Ruslan Nurudinov","Uzbekistan",28,"m","Weightlifting 105 kg",NA,NA,2019-08-12,2019-09-12,2019-10-12,2019-11-11,"348","350","353","355",59640,81055,61689,62789,219,224,222,226,3718,3919,4007,3545,40,54,55,18,9,8,10,10,4,3,4,4
79,"Lasha Talakhadze","Georgia",26,"m","Weightlifting +105 kg",NA,NA,2019-08-12,2019-09-12,2019-10-12,2019-11-11,"118","118","119","119",16348,16877,21623,22152,280,278,280,281,2922,2962,6212,6290,46,46,274,278,9,9,10,10,6,5,6,5
60,"Hsu Shu-ching","Chinese Taipei",28,"f","Weightlifting 53 kg",NA,NA,2019-08-12,2019-09-12,2019-10-12,2019-11-11,"21","21","21","22",2475,2465,2454,2421,17,15,15,15,587,587,562,587,8,8,5,8,8,7,8,9,5,5,5,5
28,"Deng Wei","China",26,"f","Weightlifting 63 kg",NA,NA,2019-08-12,2019-09-12,2019-10-12,2019-11-11,"46","46","48","48",8298,8789,10753,10985,225,226,226,226,1257,1261,1280,1287,33,33,33,33,7,6,7,7,5,5,4,5
147,"Roman Vlasov","Russia",29,"m","Wrestling Greco-Roman 75 kg",NA,NA,2019-08-12,2019-09-12,2019-10-12,2019-11-11,"285","292","294","294",181399,192777,202602,201866,279,289,287,288,34109,53673,57241,57653,325,593,602,606,10,9,9,9,5,5,4,5
13,"Artur Aleksanyan","Armenia",28,"m","Wrestling Greco-Roman 98 kg",NA,NA,2019-08-12,2019-09-12,2019-10-12,2019-11-11,"47","49","53","57",32918,34943,39011,41070,22,23,25,27,12016,12442,13132,13530,787,814,906,913,10,10,10,10,6,6,5,4
94,"Mijaín López","Cuba",37,"m","Wrestling Greco-Roman 130 kg",NA,NA,2019-08-12,2019-09-12,2019-10-12,2019-11-11,"17","17","17","17",943,1101,1212,1512,36,36,36,36,181,238,273,361,2,3,3,4,9,9,9,10,2,2,2,2
146,"Vladimer Khinchegashvili","Georgia",28,"m","Wrestling freestyle 57 kg",NA,NA,2019-08-12,2019-09-12,2019-10-12,2019-11-11,"417","421","427","433",38713,39066,39688,39763,522,530,534,548,6686,3051,3230,3265,165,23,25,26,9,7,9,10,4,2,3,4
127,"Soslan Ramonov","Russia",28,"m","Wrestling freestyle 65 kg",NA,NA,2019-08-12,2019-09-12,2019-10-12,2019-11-11,"116","123","131","135",113457,115298,117964,119455,156,159,164,164,11809,10229,12081,12357,56,32,39,39,9,9,9,9,3,0,1,4
117,"Abdulrashid Sadulaev","Russia",23,"m","Wrestling freestyle 86 kg",NA,NA,2019-08-12,2019-09-12,2019-10-12,2019-11-11,"318","330","344","347",856549,873663,915364,937238,790,790,697,700,72155,78122,104001,105192,667,763,3525,3564,7,7,9,9,3,3,3,1
124,"Kyle Snyder","United States",24,"m","Wrestling freestyle 97 kg",NA,NA,2019-08-12,2019-09-12,2019-10-12,2019-11-11,"525","535","543","548",263176,269330,275943,275885,492,505,508,511,34790,40123,24419,25176,198,1030,132,141,10,9,8,9,3,4,5,6
132,"Taha Akgül","Turkey",29,"m","Wrestling freestyle 125 kg",NA,NA,2019-08-12,2019-09-12,2019-10-12,2019-11-11,"618","625","630","640",136953,135673,141740,145388,692,693,698,717,25476,15751,25424,28795,208,129,363,260,9,9,7,7,6,6,9,5
39,"Eri Tosaka","Japan",26,"f","Wrestling freestyle 48 kg",NA,NA,2019-08-12,2019-09-12,2019-10-12,2019-11-11,"267","274","277","270",29639,29873,29883,29799,457,451,442,446,6044,6047,2883,2886,165,165,13,14,9,6,5,5,4,2,1,1
57,"Helen Maroulis","United States",28,"f","Wrestling freestyle 53 kg",NA,NA,2019-08-12,2019-09-12,2019-10-12,2019-11-11,"1001","1005","1010","1014",174634,175251,175347,174870,1026,1035,1042,1059,23652,23859,15335,12942,374,378,147,134,6,6,8,6,5,5,6,5
110,"Risako Kawai","Japan",25,"f","Wrestling freestyle 63 kg",NA,NA,2019-08-12,2019-09-12,2019-10-12,2019-11-11,"351","358","362","367",5693,5783,6121,6182,475,478,479,482,552,776,813,820,5,6,6,6,3,7,6,5,3,4,3,4
42,"Erica Wiebe","Canada",30,"f","Wrestling freestyle 75 kg",NA,NA,2019-08-12,2019-09-12,2019-10-12,2019-11-11,"661","672","678","690",15501,15609,15969,16503,1594,1617,1659,1701,1673,1599,1914,1935,46,50,64,65,10,10,10,10,6,8,7,7
