"id","enter","exit","event","birthdate","ses"
1,0,20,0,1800.00958267452,"upper"
2,3.478,17.562,1,1800.01505848854,"lower"
3,0,13.463,0,1800.03148593058,"upper"
3,13.463,20,0,1800.03148593058,"lower"
4,0,20,0,1800.06434081466,"lower"
5,0,0.089,0,1800.08350616371,"lower"
5,0.089,20,0,1800.08350616371,"upper"
6,0,20,0,1800.09445779174,"upper"
7,0,3.388,0,1800.10540941977,"upper"
7,3.388,14.063,1,1800.10540941977,"lower"
8,0,7.96,1,1800.17659500195,"lower"
9,0,20,0,1800.18754662998,"lower"
10,13.304,15.224,0,1800.19028453699,"lower"
10,15.224,20,0,1800.19028453699,"upper"
11,0,20,0,1800.26147011917,"lower"
12,0,20,0,1800.2751596542,"upper"
13,0,19.158,0,1800.33539360836,"upper"
14,0,20,0,1800.37646221346,"upper"
15,0,0.11,0,1800.38467593448,"lower"
15,6.109,20,0,1800.38467593448,"lower"
16,10.101,11.777,0,1800.3928896555,"lower"
17,0,7.534,0,1800.46133733068,"lower"
17,7.534,20,0,1800.46133733068,"upper"
18,0,20,0,1800.63382547212,"lower"
19,0,14.435,1,1800.72143849634,"lower"
20,0,9.182,0,1800.7460796594,"lower"
20,9.182,20,0,1800.7460796594,"upper"
21,0,20,0,1800.77893454349,"upper"
22,0,20,0,1800.80357570655,"lower"
23,0,20,0,1800.83916849764,"upper"
24,0,20,0,1800.85012012567,"lower"
25,0,20,0,1800.89666454479,"lower"
26,0,20,0,1800.49419221476,"lower"
27,2.276,20,0,1800.49419221476,"lower"
28,0,20,0,1800.49419221476,"upper"
29,0,17.411,1,1800.49419221476,"lower"
30,0,20,0,1801.07736640725,"upper"
31,0,20,0,1801.1348624544,"upper"
32,0,18.326,1,1801.14581408242,"lower"
33,0,20,0,1801.14581408242,"upper"
34,0,20,0,1801.16224152447,"lower"
35,0,3.095,0,1801.16224152447,"lower"
36,0,20,0,1801.16497943147,"upper"
37,0,20,0,1801.32104013087,"upper"
38,0,20,0,1801.34294338693,"upper"
39,0,19.779,1,1801.36210873598,"lower"
40,0,20,0,1801.46341129524,"lower"
41,3.267,6.257,0,1801.54281059844,"lower"
42,0,19.462,1,1801.60030664558,"lower"
43,0,6.387,0,1801.60852036661,"lower"
43,6.387,20,0,1801.60852036661,"upper"
44,0,20,0,1801.6851817628,"upper"
45,0,20,0,1801.69613339083,"upper"
46,0,20,0,1801.70160920484,"lower"
47,0,7.267,1,1801.8029117641,"upper"
48,0,11.626,0,1801.86862153227,"upper"
48,11.626,20,0,1801.86862153227,"lower"
49,0,11.604,0,1801.89052478833,"upper"
49,11.604,20,0,1801.89052478833,"lower"
50,0,5.48,0,1801.91242804438,"lower"
50,5.48,20,0,1801.91242804438,"upper"
51,0,20,0,1801.91242804438,"upper"
52,0,20,0,1801.9179038584,"upper"
53,0,20,0,1801.92885548642,"lower"
54,0,20,0,1801.99182734758,"upper"
55,0,20,0,1801.49352827231,"upper"
56,0,20,0,1801.49352827231,"lower"
57,0,20,0,1802.00004106861,"lower"
58,0,20,0,1802.01099269663,"lower"
59,0,10.139,1,1802.02742013867,"lower"
60,0,20,0,1802.03289595269,"upper"
61,4.45,20,0,1802.04384758072,"lower"
62,0,19.533,1,1802.0767024648,"upper"
63,0,4.655,0,1802.06027502276,"upper"
64,0,13.584,1,1802.06301292977,"upper"
65,1.392,20,0,1802.10134362786,"lower"
66,0,20,0,1802.11777106991,"upper"
67,7.013,9.093,0,1802.13146060494,"lower"
67,9.093,20,0,1802.13146060494,"upper"
68,0,20,0,1802.15062595399,"lower"
69,0,20,0,1802.16431548902,"upper"
70,0,20,0,1802.18621874508,"upper"
71,0,20,0,1802.22728735019,"upper"
72,0,5.703,0,1802.29299711835,"lower"
72,5.703,18.202,0,1802.29299711835,"upper"
72,18.202,20,0,1802.29299711835,"lower"
73,0,0.45,1,1802.39429967761,"lower"
74,0,8.209,1,1802.39703758462,"lower"
75,0,1.022,0,1802.47096107381,"upper"
75,1.022,20,0,1802.47096107381,"lower"
76,0,18.26,0,1802.48465060884,"lower"
77,0,2.062,1,1802.51476758592,"lower"
78,0,20,0,1802.55857409803,"upper"
79,0,14.646,1,1802.59416688912,"lower"
80,0,20,0,1802.60238061014,"upper"
81,0,8.617,1,1802.60785642416,"lower"
82,0,20,0,1802.65713875028,"upper"
83,1.813,13.408,1,1802.67356619232,"upper"
84,0,10.813,0,1802.68177991335,"upper"
84,10.813,14.909,0,1802.68177991335,"lower"
84,14.909,20,0,1802.68177991335,"upper"
85,0.776,20,0,1802.71737270444,"lower"
86,0,20,0,1802.73380014648,"upper"
87,3.711,20,0,1802.7830824726,"lower"
88,0,20,0,1802.80772363567,"upper"
89,0,18.564,1,1802.82688898472,"upper"
90,11.651,20,0,1802.87890921785,"lower"
91,0,20,0,1802.88164712486,"lower"
92,0,0.592,0,1802.9008124739,"upper"
92,0.592,8.026,0,1802.9008124739,"lower"
93,0,20,0,1802.94461898602,"upper"
94,0,0.619,0,1802.95283270704,"lower"
94,0.619,20,0,1802.95283270704,"upper"
95,4.001,20,0,1802.49286432986,"lower"
96,0,20,0,1802.49286432986,"lower"
97,0,20,0,1803.02128038221,"lower"
98,0,1.091,1,1803.10889340644,"lower"
99,0,20,0,1803.14174829052,"upper"
100,0,19.758,1,1803.18007898862,"lower"
101,0,20,0,1803.18829270964,"lower"
102,0,20,0,1803.19103061665,"upper"
103,0,20,0,1803.24031294277,"upper"
104,0,20,0,1803.2512645708,"upper"
105,0,20,0,1803.25400247781,"lower"
106,0,20,0,1803.18829270964,"upper"
107,0,1.62,0,1803.27590573386,"lower"
107,1.62,20,0,1803.27590573386,"upper"
108,0,14.728,1,1803.30876061795,"upper"
109,0,20,0,1803.31697433897,"lower"
110,0,20,0,1803.32792596699,"lower"
111,0,20,0,1803.45660759632,"lower"
112,0,20,0,1803.47029713136,"lower"
113,0,11.607,1,1803.48946248041,"lower"
114,0,20,0,1803.50588992245,"upper"
115,0,3.947,0,1803.50862782946,"lower"
115,3.947,20,0,1803.50862782946,"upper"
116,0,20,0,1803.5661238766,"upper"
117,0,20,0,1803.58802713266,"upper"
118,0,3.234,0,1803.59350294667,"lower"
119,0,6.217,0,1803.66468852885,"lower"
119,6.217,20,0,1803.66468852885,"upper"
120,0,18.758,0,1803.73587411104,"upper"
120,18.758,20,0,1803.73587411104,"lower"
121,0,4.254,0,1803.74134992505,"lower"
121,4.254,20,0,1803.74134992505,"upper"
122,0,20,0,1803.74408783206,"upper"
123,0,20,0,1803.7605152741,"lower"
124,0,20,0,1803.76325318111,"upper"
125,0,8.724,0,1803.77146690213,"upper"
125,8.724,15.396,1,1803.77146690213,"lower"
126,0,4.222,0,1803.77420480913,"lower"
126,4.222,20,0,1803.77420480913,"upper"
127,0,18.712,0,1803.78241853015,"upper"
127,18.712,20,0,1803.78241853015,"lower"
128,0,20,0,1803.79063225118,"upper"
129,0,4.159,0,1803.83717667029,"lower"
129,4.159,20,0,1803.83717667029,"upper"
130,0,12.319,1,1803.94669295057,"lower"
131,0,20,0,1803.90288643846,"upper"
132,0,20,0,1803.90562434547,"upper"
133,0,13.617,0,1803.97407202064,"lower"
133,13.617,20,0,1803.97407202064,"upper"
134,0,20,0,1803.49220038741,"lower"
135,0,4.28,0,1803.49220038741,"lower"
136,0,20,0,1804.01240271874,"lower"
137,0,18.69,1,1804.02335434677,"upper"
138,0,1.488,1,1804.03978178881,"lower"
139,0,20,0,1804.113705278,"lower"
140,0,20,0,1804.16298760413,"upper"
141,0,20,0,1804.26702807039,"upper"
142,0,20,0,1804.26702807039,"upper"
143,2.194,20,0,1804.29988295448,"upper"
144,0,20,0,1804.34368946659,"lower"
145,0,11.59,1,1804.36011690863,"upper"
146,0,17.69,1,1804.4285645838,"lower"
147,0,9.05,0,1804.44499202585,"lower"
148,0,20,0,1804.46415737489,"lower"
149,8.831,20,0,1804.48058481694,"upper"
150,0,20,0,1804.50522598,"lower"
151,1.912,20,0,1804.5818873762,"upper"
152,0,20,0,1804.59010109722,"lower"
153,0,20,0,1804.60652853926,"lower"
154,0,7.329,0,1804.62021807429,"lower"
154,7.329,20,0,1804.62021807429,"upper"
155,1.767,5.448,0,1804.72699644757,"lower"
155,5.448,16.768,0,1804.72699644757,"upper"
155,16.768,20,0,1804.72699644757,"lower"
156,0,20,0,1804.72973435457,"upper"
157,0,20,0,1804.75985133165,"lower"
158,0,20,0,1804.78449249471,"lower"
159,0,20,0,1804.79818202975,"upper"
160,2.971,3.965,0,1804.83925063485,"lower"
161,0,7.902,1,1804.84472644887,"upper"
162,0,20,0,1804.85294016989,"upper"
163,0,20,0,1804.86115389091,"upper"
164,0,3.135,0,1804.86115389091,"lower"
164,3.135,20,0,1804.86115389091,"upper"
165,0,20,0,1804.98162179922,"upper"
166,0,7.618,1,1804.98435970622,"lower"
167,0,20,0,1804.98983552024,"upper"
168,0,14.999,0,1804.49427435197,"lower"
169,0,2.962,0,1805.03364203235,"lower"
169,2.962,20,0,1805.03364203235,"upper"
170,0,20,0,1805.03911784636,"upper"
171,0,20,0,1805.15684784766,"lower"
172,0,8.278,0,1805.21708180182,"upper"
172,8.278,20,0,1805.21708180182,"lower"
173,0,1.893,1,1805.21708180182,"lower"
174,0,10.868,1,1805.33207389611,"upper"
175,0,4.543,1,1805.37588040822,"lower"
176,0,2.426,0,1805.38683203625,"lower"
176,2.426,17.107,0,1805.38683203625,"upper"
176,17.107,20,0,1805.38683203625,"lower"
177,0,2.559,0,1805.39778366428,"lower"
177,2.559,20,0,1805.39778366428,"upper"
178,0,2.727,0,1805.38683203625,"lower"
178,2.727,20,0,1805.38683203625,"upper"
179,11.9,20,0,1805.41968692033,"lower"
180,0,20,0,1805.42790064135,"lower"
181,0,8.006,0,1805.48813459551,"upper"
181,8.006,20,0,1805.48813459551,"lower"
182,0,20,0,1805.51277575857,"lower"
183,0.97,4.651,0,1805.5237273866,"lower"
183,4.651,11.593,1,1805.5237273866,"upper"
184,0,1.835,1,1805.53741692163,"lower"
185,0,20,0,1805.54015482864,"lower"
186,0,2.404,0,1805.56753389871,"lower"
186,2.404,20,0,1805.56753389871,"upper"
187,0,2.659,0,1805.57027180572,"upper"
188,0.228,3.398,0,1805.59217506177,"lower"
188,3.398,7.902,0,1805.59217506177,"upper"
188,7.902,20,0,1805.59217506177,"lower"
189,0,20,0,1805.60860250382,"upper"
190,0,3.478,0,1805.61955413184,"lower"
190,3.478,20,0,1805.61955413184,"upper"
191,0,20,0,1805.63324366688,"lower"
192,0,3.3,1,1805.64419529491,"lower"
193,0,10.599,1,1805.66609855096,"upper"
194,0,20,0,1805.70169134205,"upper"
195,0,20,0,1805.73728413314,"lower"
196,0,7.744,0,1805.75097366818,"upper"
196,7.744,20,0,1805.75097366818,"lower"
197,0,20,0,1805.7591873892,"lower"
198,0,17.638,1,1805.81394552934,"lower"
199,0,15.358,1,1805.81394552934,"lower"
200,0,20,0,1805.83311087839,"upper"
201,0,2.154,0,1805.84132459941,"lower"
201,2.154,20,0,1805.84132459941,"upper"
202,0,20,0,1805.89334483254,"upper"
203,0,20,0,1805.89882064656,"upper"
204,0,13.392,1,1805.93988925166,"lower"
205,0.579,20,0,1805.9152480886,"lower"
206,0,20,0,1805.98643367078,"lower"
207,0,20,0,1806.00012320582,"upper"
208,0,20,0,1806.01107483384,"lower"
209,0,20,0,1806.04666762493,"lower"
210,0,2.413,0,1806.05214343895,"lower"
210,2.413,20,0,1806.05214343895,"upper"
211,0,1.92,0,1806.07952250902,"upper"
212,0,20,0,1806.15344599821,"upper"
213,0,7.306,0,1806.1890387893,"upper"
213,7.306,20,0,1806.1890387893,"lower"
214,0,20,0,1806.23558320842,"upper"
215,0,1.716,0,1806.27938972053,"lower"
215,1.716,20,0,1806.27938972053,"upper"
216,0.198,20,0,1806.29581716257,"lower"
217,5.197,20,0,1806.31224460461,"upper"
218,0,20,0,1806.31224460461,"upper"
219,0,16.168,1,1806.32593413965,"upper"
220,0,20,0,1806.32593413965,"lower"
221,0.162,20,0,1806.33140995366,"lower"
222,0,20,0,1806.36152693074,"upper"
223,0,1.411,0,1806.38890600081,"upper"
224,0,20,0,1806.46282949,"upper"
225,0,15.979,0,1806.51484972313,"upper"
226,0,20,0,1806.51484972313,"upper"
227,0,20,0,1806.51758763014,"upper"
228,0,20,0,1806.53127716517,"upper"
229,0,20,0,1806.55044251422,"lower"
230,0,20,0,1806.5832973983,"upper"
231,0,15.9,1,1806.59424902633,"lower"
232,0,20,0,1806.6216280964,"upper"
233,2.054,4.345,0,1806.62710391042,"lower"
233,4.345,20,0,1806.62710391042,"upper"
234,6.854,20,0,1806.64079344545,"upper"
235,0,20,0,1806.66817251552,"upper"
236,0,6.111,0,1806.68186205056,"lower"
236,6.111,20,0,1806.68186205056,"upper"
237,0,20,0,1806.72293065566,"lower"
238,0,9.69,1,1806.79959205186,"lower"
239,0,16.836,1,1806.80232995886,"upper"
240,0,20,0,1806.81328158689,"lower"
241,0,20,0,1806.81328158689,"upper"
242,0,20,0,1806.83792274995,"lower"
243,0,13.614,0,1806.88172926207,"upper"
243,13.614,20,0,1806.88172926207,"lower"
244,0,2.728,1,1806.92279786717,"lower"
245,0,20,0,1806.94470112323,"lower"
246,0,1.04,0,1806.95565275125,"lower"
246,1.04,17.54,1,1806.95565275125,"upper"
247,0,6.514,0,1806.98029391432,"upper"
247,6.514,9.219,1,1806.98029391432,"lower"
248,0,11.202,1,1806.98850763534,"upper"
249,0,20,0,1806.99398344935,"lower"
250,0,18.747,1,1806.49294646707,"lower"
251,0,15.002,1,1806.49294646707,"lower"
252,0,4.377,0,1806.49294646707,"lower"
252,4.377,20,0,1806.49294646707,"upper"
253,0,9.471,1,1806.49294646707,"lower"
254,0,4.224,0,1806.99945926337,"lower"
254,4.224,20,0,1806.99945926337,"upper"
255,0,15.492,0,1807.00219717037,"upper"
255,15.492,20,0,1807.00219717037,"lower"
256,0,16.795,1,1807.01588670541,"lower"
257,3.864,5.156,0,1807.01588670541,"lower"
257,5.156,20,0,1807.01588670541,"upper"
258,0,20,0,1807.02410042643,"upper"
259,0.74,20,0,1807.06790693854,"lower"
260,0,8.653,1,1807.10897554365,"upper"
261,0,20,0,1807.14456833474,"upper"
262,0,20,0,1807.17468531181,"lower"
263,0,16.3,1,1807.19385066086,"upper"
264,0,20,0,1807.20206438188,"lower"
265,0,20,0,1807.20480228889,"upper"
266,0,20,0,1807.2102781029,"upper"
267,0,16.278,1,1807.21575391692,"upper"
268,0,13.402,0,1807.21575391692,"lower"
268,13.402,20,0,1807.21575391692,"upper"
269,0,20,0,1807.23491926597,"lower"
270,0,20,0,1807.24039507998,"upper"
271,0,20,0,1807.25408461502,"lower"
272,0,20,0,1807.28967740611,"lower"
273,0,10.202,0,1807.38824205836,"lower"
273,10.202,20,0,1807.38824205836,"upper"
274,0,20,0,1807.40193159339,"upper"
275,0,20,0,1807.4046695004,"lower"
276,0,20,0,1807.4046695004,"upper"
277,0,6.013,0,1807.4813308966,"upper"
277,6.013,17.564,1,1807.4813308966,"lower"
278,0,4.968,0,1807.50597205966,"lower"
278,4.968,14.988,1,1807.50597205966,"upper"
279,0,18.846,1,1807.10623763664,"lower"
280,0,20,0,1807.51966159469,"upper"
281,0,20,0,1807.5223995017,"lower"
282,0,20,0,1807.5223995017,"lower"
283,0,12.727,1,1807.54156485075,"upper"
284,0,20,0,1807.55251647878,"upper"
285,1.145,20,0,1807.58263345585,"lower"
286,0,3.785,1,1807.58263345585,"lower"
287,0,20,0,1807.58537136286,"lower"
288,0,20,0,1807.61275043293,"upper"
289,0,0.369,0,1807.62643996797,"lower"
289,0.369,8.439,1,1807.62643996797,"upper"
290,0,20,0,1807.62643996797,"upper"
291,0,8.327,0,1807.49228252462,"lower"
292,0,20,0,1807.68393601511,"upper"
293,0,5.036,1,1807.68119810811,"lower"
294,0,1.203,0,1807.74143206226,"upper"
295,0,20,0,1807.77154903934,"lower"
296,0,0.2,0,1807.7961902024,"lower"
296,0.2,20,0,1807.7961902024,"upper"
297,0,3.859,1,1807.82904508648,"lower"
298,0,20,0,1807.85642415655,"upper"
299,0,20,0,1807.87832741261,"lower"
300,1.195,3.922,0,1807.49228252462,"lower"
300,3.922,12.404,0,1807.49228252462,"upper"
301,0,7.955,0,1807.9139202037,"lower"
301,7.955,20,0,1807.9139202037,"upper"
302,0,2.258,0,1807.91665811071,"lower"
302,2.258,12.579,0,1807.91665811071,"upper"
302,12.579,20,0,1807.91665811071,"lower"
303,0,20,0,1807.91939601771,"lower"
304,0,1.784,0,1807.92213392472,"lower"
304,1.784,20,0,1807.92213392472,"upper"
305,0,9.57,0,1807.92487183173,"upper"
305,9.57,19.229,1,1807.92487183173,"lower"
306,0,5.893,1,1807.92760973874,"upper"
307,0,18.547,1,1807.96046462282,"upper"
308,0,20,0,1808.00153322792,"upper"
309,0,20,0,1808.02617439099,"lower"
310,0,20,0,1808.03438811201,"upper"
311,0,2.093,1,1808.03986392602,"upper"
312,0,19.856,1,1808.10009788018,"lower"
313,0,20,0,1808.11378741521,"upper"
314,0,5.334,1,1808.96527649438,"upper"
315,0,1.118,1,1808.16306974134,"upper"
316,0,20,0,1808.21235206746,"upper"
317,0,20,0,1808.26437230059,"upper"
318,0,2.75,1,1808.29996509169,"lower"
319,0,20,0,1808.32734416176,"upper"
320,5.126,20,0,1808.36841276686,"upper"
321,0,20,0,1808.39305392992,"upper"
322,0,20,0,1808.51625974524,"upper"
323,0,20,0,1808.51899765224,"lower"
324,0,20,0,1808.55732835034,"lower"
325,0,20,0,1808.57649369939,"lower"
326,0,20,0,1808.58744532742,"upper"
327,0,20,0,1808.60387276946,"upper"
328,0,20,0,1808.6175623045,"lower"
329,0,4.861,0,1808.63398974654,"upper"
329,4.861,20,0,1808.63398974654,"lower"
330,0,3.261,0,1808.64220346756,"lower"
330,3.261,16.1,1,1808.64220346756,"upper"
331,0,11.262,1,1808.65041718858,"upper"
332,0,20,0,1808.67505835164,"lower"
333,0,20,0,1808.75993346886,"upper"
334,0,20,0,1808.79552625995,"upper"
335,0,20,0,1808.80373998097,"upper"
336,0,20,0,1808.80921579499,"upper"
337,0,20,0,1808.81195370199,"lower"
338,0,19.812,1,1808.85849812111,"lower"
339,0,20,0,1808.91051835424,"upper"
340,0,13,0,1808.49435648918,"upper"
340,13,20,0,1808.49435648918,"lower"
341,0,0.392,0,1808.49435648918,"lower"
341,1.392,20,0,1808.49435648918,"lower"
342,0,20,0,1809.00086928547,"lower"
343,0,11.755,1,1809.10764765875,"lower"
344,0,20,0,1809.11312347276,"upper"
345,0,2.107,0,1809.11586137977,"lower"
345,2.107,20,0,1809.11586137977,"upper"
346,0,20,0,1809.80855185254,"lower"
347,0,20,0,1809.14597835685,"upper"
348,0,12.319,0,1809.25275673012,"lower"
349,0,20,0,1809.25823254413,"upper"
350,0,20,0,1809.28287370719,"upper"
351,0,4.187,0,1809.30751487026,"upper"
351,4.187,18.498,1,1809.30751487026,"lower"
352,0,0.401,0,1809.34858347536,"lower"
352,0.401,20,0,1809.34858347536,"upper"
353,0,20,0,1809.41155533652,"upper"
354,0,20,0,1809.42798277856,"upper"
355,0,6.933,1,1809.44988603462,"lower"
356,0,5.537,1,1809.47452719768,"upper"
357,0,13.997,1,1809.49643045374,"upper"
358,0,20,0,1809.53476115184,"upper"
359,0,12.946,0,1809.54845068687,"upper"
359,12.946,19.358,1,1809.54845068687,"lower"
360,0,1.52,1,1809.58130557096,"lower"
361,0,12.858,0,1809.6360637111,"upper"
361,12.858,20,0,1809.6360637111,"lower"
362,0,12.85,0,1809.64427743212,"upper"
362,12.85,20,0,1809.64427743212,"lower"
363,0,0.195,0,1809.72093882831,"upper"
364,0,16.144,0,1809.76748324743,"lower"
365,0,3.705,0,1809.78938650349,"upper"
365,3.705,18.389,1,1809.78938650349,"lower"
366,0,5.326,0,1809.83045510859,"lower"
366,5.326,20,0,1809.83045510859,"upper"
367,0,3.631,1,1809.84414464363,"lower"
368,0,0.759,1,1809.89342696975,"lower"
369,0,20,0,1809.90164069077,"upper"
370,0,3.735,1,1809.92354394683,"lower"
371,0,20,0,1809.97008836595,"lower"
372,0,13.51,1,1809.98377790098,"upper"
373,0,13,0,1809.49369254673,"upper"
373,13,20,0,1809.49369254673,"lower"
374,0,3.496,0,1809.49369254673,"lower"
374,3.496,13,0,1809.49369254673,"upper"
374,13,20,0,1809.49369254673,"lower"
375,6.002,10.402,0,1809.49369254673,"lower"
376,0,20,0,1810.00020534303,"lower"
377,0,15.538,1,1810.01115697105,"lower"
378,0,12.461,0,1810.03306022711,"upper"
378,12.461,20,0,1810.03306022711,"lower"
379,0,19.443,1,1810.05222557616,"lower"
380,0,2.567,0,1810.07412883221,"lower"
380,2.567,20,0,1810.07412883221,"upper"
381,0,3.396,1,1810.11793534433,"upper"
382,0,1.092,0,1810.13162487936,"lower"
382,1.092,20,0,1810.13162487936,"upper"
383,0,3.615,1,1810.1453144144,"lower"
384,0,20,0,1810.21649999658,"lower"
385,0,3.897,1,1810.23018953161,"upper"
386,0,20,0,1810.25209278767,"upper"
387,0,18.977,1,1810.2657823227,"upper"
388,0,20,0,1810.28220976475,"lower"
389,0,10.202,0,1810.29316139277,"upper"
389,10.202,10.697,0,1810.29316139277,"lower"
389,10.697,20,0,1810.29316139277,"upper"
390,0,17.389,1,1810.39993976605,"lower"
391,0,20,0,1810.47386325523,"upper"
392,0,3.021,0,1810.47386325523,"upper"
392,3.021,20,0,1810.47386325523,"lower"
393,0,10.999,1,1810.49576651129,"upper"
394,0,20,0,1810.54778674442,"upper"
395,0,2.947,0,1810.54778674442,"upper"
395,2.947,20,0,1810.54778674442,"lower"
396,0,11.941,1,1810.55326255844,"upper"
397,0,20,0,1810.58064162851,"upper"
398,0,20,0,1810.60528279157,"upper"
399,0,20,0,1810.6162344196,"upper"
400,0,1.214,0,1810.62444814062,"lower"
401,0,20,0,1810.62718604763,"upper"
402,0,20,0,1810.62992395463,"lower"
403,0,18.818,1,1810.63539976865,"upper"
404,0,20,0,1810.66004093171,"upper"
405,0,6.922,0,1810.66825465273,"lower"
405,6.922,18.512,1,1810.66825465273,"upper"
406,0,10.816,0,1810.67920628076,"upper"
406,10.816,11.185,1,1810.67920628076,"lower"
407,0,20,0,1810.68742000178,"lower"
408,0,20,0,1810.72301279287,"upper"
409,0,5.578,1,1810.74217814192,"upper"
410,0,11.095,1,1810.75312976995,"upper"
411,0,20,0,1810.76955721199,"upper"
412,0,11.7,0,1810.79419837505,"lower"
413,0,2.689,0,1810.80515000308,"upper"
413,2.689,20,0,1810.80515000308,"lower"
414,0,20,0,1810.8133637241,"lower"
415,0,20,0,1810.84621860818,"upper"
416,0,20,0,1810.84895651519,"lower"
417,0,20,0,1810.8516944222,"upper"
418,0,20,0,1810.8927630273,"upper"
419,0,7.07,1,1810.92835581839,"upper"
420,0,20,0,1810.9310937254,"upper"
421,0,20,0,1810.93930744642,"upper"
422,0,20,0,1810.93930744642,"upper"
423,0,4.869,1,1810.49302860428,"lower"
424,0,20,0,1810.49302860428,"lower"
425,0,20,0,1811.01870674963,"upper"
426,0,12.436,1,1811.05703744772,"upper"
427,0,20,0,1811.07072698276,"lower"
428,0,2.41,0,1811.08441651779,"upper"
428,2.41,20,0,1811.08441651779,"lower"
429,0,18.794,1,1811.08989233181,"upper"
430,0,20,0,1811.09263023881,"upper"
431,0,11.801,1,1811.14465047195,"upper"
432,0,20,0,1811.80722396764,"upper"
433,0,16.858,1,1811.15286419297,"upper"
434,0,4.332,0,1811.16107791399,"upper"
435,0,16.984,1,1811.166553728,"lower"
436,0,20,0,1811.16929163501,"lower"
437,0,15.454,1,1811.17202954202,"upper"
438,0,20,0,1811.18571907705,"upper"
439,0,3.557,1,1811.2048844261,"upper"
440,0,20,0,1811.21036024011,"lower"
441,0,20,0,1811.21583605413,"lower"
442,0,20,0,1811.22404977515,"upper"
443,0,13.269,1,1811.22678768216,"upper"
444,0,20,0,1811.25142884522,"upper"
445,0,15.788,1,1811.26785628726,"lower"
446,0,1.214,0,1811.2815458223,"lower"
447,2.498,6.525,0,1811.28975954332,"lower"
448,0,20,0,1811.32535233441,"lower"
449,0,2.169,0,1811.32535233441,"upper"
449,2.169,20,0,1811.32535233441,"lower"
450,0,0.5,0,1811.34177977645,"lower"
450,0.5,20,0,1811.34177977645,"upper"
451,0,20,0,1811.35820721849,"lower"
452,9.822,20,0,1811.37463466053,"lower"
453,0,11.109,0,1811.38558628856,"upper"
453,11.109,20,0,1811.38558628856,"lower"
454,0,7.907,0,1811.40748954462,"lower"
454,7.907,20,0,1811.40748954462,"upper"
455,0,20,0,1811.44308233571,"upper"
456,0,20,0,1811.47319931279,"upper"
457,0,20,0,1811.50331628986,"lower"
458,0,20,0,1811.5197437319,"lower"
459,2.271,8.529,1,1811.53617117395,"upper"
460,0,20,0,1811.56355024402,"lower"
461,0,20,0,1811.56355024402,"upper"
462,0,20,0,1811.6347358262,"upper"
463,0,20,0,1811.61557047715,"upper"
464,10.202,12.39,1,1811.64842536123,"lower"
465,0,0.516,1,1811.67854233831,"lower"
466,0,20,0,1811.70865931539,"lower"
467,0,20,0,1811.71687303641,"upper"
468,0,20,0,1811.72234885042,"upper"
469,0,2.484,0,1811.72782466444,"lower"
469,2.484,10.766,0,1811.72782466444,"upper"
469,10.766,16.012,1,1811.72782466444,"lower"
470,0,1.753,0,1811.74151419947,"upper"
470,1.753,17.586,1,1811.74151419947,"lower"
471,0,20,0,1811.76067954852,"upper"
472,0,19.697,0,1811.79627233961,"upper"
472,19.697,20,0,1811.79627233961,"lower"
473,0,20,0,1811.82365140968,"upper"
474,0,20,0,1811.86472001478,"upper"
475,0,20,0,1811.86472001478,"lower"
476,0,8.258,1,1811.86745792179,"lower"
477,0,20,0,1811.87840954982,"lower"
478,0,3.3,1,1811.89209908485,"upper"
479,0,20,0,1811.90305071288,"lower"
480,0,15.385,1,1811.94138141098,"upper"
481,0,20,0,1811.97149838806,"upper"
482,0,5.266,0,1811.49236466183,"lower"
483,0,20,0,1811.99887745813,"upper"
484,0,20,0,1812.00435327214,"lower"
485,0,20,0,1812.06184931929,"lower"
486,3.464,3.492,1,1812.08101466834,"lower"
487,0,20,0,1812.09470420337,"upper"
488,0,20,0,1812.12482118045,"upper"
489,0,0.001,0,1812.13577280848,"lower"
489,0.001,13.688,0,1812.13577280848,"upper"
490,0,16.168,0,1812.1467244365,"lower"
490,16.168,20,0,1812.1467244365,"upper"
491,0,10.339,0,1812.15493815753,"upper"
491,10.339,20,0,1812.15493815753,"lower"
492,2.435,17.523,1,1812.15767606453,"lower"
493,0,20,0,1812.17136559957,"lower"
494,0,11.859,1,1812.19053094862,"lower"
495,0,20,0,1812.19053094862,"upper"
496,0,20,0,1812.2233858327,"upper"
497,0,20,0,1812.23707536774,"lower"
498,0,11.251,1,1812.24255118175,"upper"
499,0,1.241,0,1812.25350280978,"upper"
499,1.241,20,0,1812.25350280978,"lower"
500,0,5.493,1,1812.25624071678,"upper"
501,0,20,0,1812.25897862379,"upper"
502,0,0.19,0,1812.30552304291,"lower"
503,0,20,0,1812.30552304291,"lower"
504,0,20,0,1812.31647467094,"upper"
505,0,11.106,1,1812.38766025312,"lower"
506,0,16.587,1,1812.39313606713,"upper"
507,0,20,0,1812.39587397414,"lower"
508,0,0.403,0,1812.4205151372,"lower"
509,0,19.851,1,1812.44515630027,"lower"
510,0,2.741,1,1812.46432164932,"upper"
511,0,19.823,1,1812.48074909136,"upper"
512,0,10.816,1,1812.52729351048,"upper"
513,0,20,0,1812.53276932449,"upper"
514,0,20,0,1812.54645885952,"upper"
515,0,20,0,1812.59026537164,"upper"
516,0,18.895,0,1812.59847909266,"upper"
516,18.895,20,0,1812.59847909266,"lower"
517,0,18.892,0,1812.60121699966,"upper"
517,18.892,20,0,1812.60121699966,"lower"
518,0,20,0,1812.60121699966,"upper"
519,0,20,0,1812.60121699966,"lower"
520,0,20,0,1812.60669281368,"upper"
521,0,20,0,1812.63407188375,"upper"
522,0,20,0,1812.64776141878,"upper"
523,0,20,0,1812.66966467484,"upper"
524,0,20,0,1812.71620909396,"upper"
525,0,20,0,1812.72716072199,"upper"
526,0,12.759,1,1812.73537444301,"upper"
527,0,20,0,1812.74906397804,"lower"
528,0,20,0,1812.75453979206,"upper"
529,0,20,0,1812.75727769906,"upper"
530,0,20,0,1812.75727769906,"upper"
531,0,6.265,1,1812.76822932709,"upper"
532,0,20,0,1812.77644304811,"upper"
533,0,20,0,1812.78191886213,"upper"
534,0,20,0,1812.79560839716,"upper"
535,0,15.804,1,1812.80382211818,"lower"
536,8.009,16.858,1,1812.80656002519,"lower"
537,0,12.669,0,1812.82572537424,"upper"
537,12.669,20,0,1812.82572537424,"lower"
538,0,15.653,1,1812.84215281628,"upper"
539,0,20,0,1812.84489072329,"upper"
540,0,0.633,0,1812.86131816533,"upper"
540,0.633,20,0,1812.86131816533,"lower"
541,0,3.002,0,1812.9297658405,"upper"
542,0,9.551,0,1812.94345537554,"upper"
542,9.551,20,0,1812.94345537554,"lower"
543,0.535,17.523,1,1812.95988281758,"upper"
544,0,13.143,1,1812.97631025962,"lower"
545,0,20,0,1812.98178607364,"upper"
546,0,20,0,1812.49443862639,"upper"
547,0,20,0,1812.49443862639,"lower"
548,0,20,0,1813.00095142268,"upper"
549,0,20,0,1813.0064272367,"lower"
550,0,20,0,1813.00916514371,"upper"
551,0,15.607,1,1813.06118537684,"upper"
552,0,20,0,1812.05911141228,"upper"
553,0,18.43,0,1813.06392328385,"upper"
553,18.43,20,0,1813.06392328385,"lower"
554,0,5.367,0,1813.12689514501,"upper"
554,5.367,20,0,1813.12689514501,"lower"
555,0,20,0,1813.11594351698,"upper"
556,0,0.8,1,1813.15427421508,"lower"
557,0,20,0,1813.17617747113,"upper"
558,0,20,0,1813.18986700617,"lower"
559,0,20,0,1813.31033491447,"upper"
560,0,4.036,1,1813.31581072849,"upper"
561,0,20,0,1813.3185486355,"upper"
562,0,18.148,0,1813.34592770557,"upper"
562,18.148,20,0,1813.34592770557,"lower"
563,0,20,0,1813.35140351958,"upper"
564,0,7.133,0,1813.36235514761,"upper"
564,7.133,20,0,1813.36235514761,"lower"
565,0,20,0,1813.36235514761,"lower"
566,0,15.935,1,1813.38973421768,"upper"
567,0,0.102,0,1813.39247212468,"upper"
567,0.102,5.001,0,1813.39247212468,"lower"
567,5.001,20,0,1813.39247212468,"upper"
568,0,20,0,1813.3979479387,"upper"
569,0,18.068,0,1813.42532700877,"upper"
569,18.068,20,0,1813.42532700877,"lower"
570,0,20,0,1813.47187142789,"upper"
571,0,20,0,1813.47460933489,"upper"
572,0,19.421,1,1813.5567465451,"lower"
573,0,20,0,1813.62793212729,"lower"
574,0,20,0,1813.65257329035,"upper"
575,0,15.757,1,1813.6744765464,"lower"
576,0,20,0,1813.67721445341,"upper"
577,0,20,0,1813.67995236042,"upper"
578,0,12.894,0,1813.69637980246,"lower"
578,12.894,20,0,1813.69637980246,"upper"
579,0,20,0,1813.70733143049,"upper"
580,0,8.77,0,1813.72375887253,"upper"
580,8.77,11.771,1,1813.72375887253,"lower"
581,0,2.95,0,1813.79768236172,"upper"
582,0,5.044,1,1813.84422678084,"upper"
583,0,19.476,1,1813.85244050186,"upper"
584,0,15.322,1,1813.88529538594,"lower"
585,0,20,0,1813.92362608404,"lower"
586,0,20,0,1813.96743259615,"upper"
587,0,0.001,0,1813.49377468394,"upper"
587,0.001,6,0,1813.49377468394,"lower"
588,0,20,0,1814.03040445731,"upper"
589,0,16.116,1,1814.05504562038,"lower"
590,0,16.417,1,1814.07694887643,"lower"
591,0,20,0,1814.07694887643,"upper"
592,0,17.397,0,1814.09611422548,"upper"
592,17.397,20,0,1814.09611422548,"lower"
593,0,12.483,0,1814.10706585351,"lower"
593,12.483,20,0,1814.10706585351,"upper"
594,0,20,0,1814.11254166752,"lower"
595,0,20,0,1814.11801748154,"upper"
596,0,20,0,1814.13718283059,"upper"
597,0,20,0,1814.20836841277,"lower"
598,0,20,0,1814.21932004079,"lower"
599,0,20,0,1814.23300957583,"lower"
600,0,15.089,1,1814.23574748284,"upper"
601,0,20,0,1814.24669911086,"upper"
602,0,15.081,1,1814.25217492488,"upper"
603,0,20,0,1814.26586445991,"upper"
604,0,13.055,1,1814.26586445991,"lower"
605,0,0.354,1,1814.27134027393,"lower"
606,0,8.217,0,1814.27681608794,"upper"
606,8.217,20,0,1814.27681608794,"lower"
607,0,14.933,1,1814.30693306502,"lower"
608,0,20,0,1814.30967097203,"lower"
609,0,20,0,1814.32336050706,"upper"
610,0,6.703,1,1814.32336050706,"lower"
611,0,20,0,1814.33431213509,"lower"
612,0,20,0,1814.35073957713,"upper"
613,0,8.143,0,1814.35073957713,"upper"
613,8.143,20,0,1814.35073957713,"lower"
614,0,14.347,1,1814.38085655421,"upper"
615,0,20,0,1814.38633236822,"upper"
616,0,14.903,1,1814.39728399625,"upper"
617,0,20,0,1814.41097353128,"lower"
618,0,14.194,1,1814.43013888033,"lower"
619,0,20,0,1814.4547800434,"upper"
620,0,20,0,1814.4958486485,"upper"
621,9.51,12.962,0,1814.52322771857,"lower"
621,12.962,20,0,1814.52322771857,"upper"
622,0,16.954,0,1814.53965516061,"upper"
622,16.954,20,0,1814.53965516061,"lower"
623,0,20,0,1814.54513097463,"upper"
624,0,20,0,1814.5725100447,"upper"
625,0,7.881,0,1814.6135786498,"lower"
626,0,5.772,1,1814.65738516191,"lower"
627,0,20,0,1814.66286097593,"lower"
628,0,20,0,1814.70940539505,"lower"
629,0,20,0,1814.71214330205,"upper"
630,0,20,0,1814.7313086511,"upper"
631,0,16.554,1,1814.8107079543,"upper"
632,0,20,0,1814.79701841927,"upper"
633,0,19.936,0,1814.79975632628,"upper"
634,0,14.202,1,1814.80523214029,"upper"
635,0,20,0,1814.80523214029,"upper"
636,0,7.656,0,1814.83808702437,"upper"
636,7.656,20,0,1814.83808702437,"lower"
637,0,17.439,1,1814.84356283839,"upper"
638,0,4.524,1,1814.88463144349,"upper"
639,0,20,0,1814.8873693505,"lower"
640,0,20,0,1814.93117586261,"lower"
641,0,20,0,1814.95855493268,"upper"
642,0,20,0,1814.96129283969,"upper"
643,0,20,0,1814.98593400275,"lower"
644,0,5.583,1,1815.03521632888,"lower"
645,0,17.797,1,1815.06259539895,"upper"
646,0,13.515,1,1815.09818819004,"upper"
647,0,0.725,0,1815.17484958623,"lower"
647,0.725,11.054,1,1815.17484958623,"upper"
648,0,11.078,1,1815.19401493528,"lower"
649,0,20,0,1815.1994907493,"upper"
650,0,13.02,1,1815.22413191236,"lower"
651,0,20,0,1815.31174493658,"lower"
652,0,10.23,1,1815.24877307542,"lower"
653,0,20,0,1815.26520051746,"lower"
654,0,14.534,1,1815.29257958753,"upper"
655,0,20,0,1815.30626912257,"upper"
656,0,20,0,1815.33091028563,"lower"
657,0,20,0,1815.33912400665,"lower"
658,0,20,0,1815.34459982067,"lower"
659,0,20,0,1815.39388214679,"upper"
660,0,20,0,1815.42947493788,"lower"
661,0,0.05,0,1815.44316447292,"upper"
661,0.05,20,0,1815.44316447292,"lower"
662,0,7.045,0,1815.44864028693,"upper"
662,7.045,11.401,1,1815.44864028693,"lower"
663,0,20,0,1815.49518470605,"upper"
664,0,20,0,1815.50066052007,"upper"
665,0,12.831,1,1815.53351540415,"upper"
666,0,20,0,1815.55541866021,"lower"
667,2.224,4.464,0,1815.56910819524,"lower"
667,4.464,20,0,1815.56910819524,"upper"
668,0,20,0,1815.52803959014,"lower"
669,0,18.328,1,1815.58279773028,"upper"
670,2.618,12.757,1,1815.5937493583,"lower"
671,0,15.889,0,1815.60470098633,"upper"
671,15.889,20,0,1815.60470098633,"lower"
672,0,15.881,0,1815.61291470735,"upper"
672,15.881,20,0,1815.61291470735,"lower"
673,0,20,0,1815.67862447552,"lower"
674,0,20,0,1815.68410028953,"lower"
675,0,20,0,1815.68410028953,"upper"
676,0,0.633,1,1815.68683819654,"upper"
677,0,14.805,0,1815.68957610355,"lower"
678,0,4.713,0,1815.70052773158,"lower"
678,4.713,11.809,1,1815.70052773158,"upper"
679,0,10.139,0,1815.72243098763,"upper"
679,10.139,12.797,0,1815.72243098763,"lower"
679,12.797,20,0,1815.72243098763,"upper"
680,0,0.154,0,1815.72243098763,"upper"
680,0.154,3.244,0,1815.72243098763,"lower"
680,3.244,20,0,1815.72243098763,"upper"
681,0,20,0,1815.74707215069,"upper"
682,0,6.739,0,1815.75528587172,"lower"
683,0,6.722,0,1815.77171331376,"upper"
683,6.722,20,0,1815.77171331376,"lower"
684,0,4.121,0,1815.77445122076,"upper"
685,0,20,0,1815.78540284879,"lower"
686,0,20,0,1815.79361656981,"upper"
687,0,20,0,1815.80730610485,"lower"
688,0,20,0,1815.81004401186,"upper"
689,0,20,0,1815.82373354689,"upper"
690,0,20,0,1815.83194726791,"lower"
691,0,20,0,1815.83194726791,"lower"
692,0,20,0,1815.83194726791,"lower"
693,0,15.653,0,1815.84016098893,"upper"
693,15.653,20,0,1815.84016098893,"lower"
694,0,20,0,1815.84289889594,"upper"
695,0,20,0,1815.84563680295,"lower"
696,0,19.221,1,1815.85932633798,"lower"
697,0,20,0,1815.87301587302,"upper"
698,0,20,0,1815.88944331506,"upper"
699,0,8.584,1,1815.91134657111,"upper"
700,0,19.725,1,1815.92229819914,"upper"
701,0,15.569,0,1815.92503610615,"upper"
701,15.569,20,0,1815.92503610615,"lower"
702,0,20,0,1815.94146354819,"upper"
703,0,20,0,1815.94146354819,"upper"
704,0,20,0,1815.9442014552,"upper"
705,0,20,0,1815.9469393622,"lower"
706,0,8.543,0,1815.95241517622,"lower"
707,0,20,0,1815.95515308323,"upper"
708,0,20,0,1815.96336680425,"upper"
709,0,16.576,1,1815.97979424629,"lower"
710,0,3.486,1,1815.49244679904,"upper"
711,0,19.706,1,1816.00169750234,"lower"
712,0,20,0,1816.00991122337,"lower"
713,0,6.484,0,1816.00991122337,"upper"
713,6.484,10.58,0,1816.00991122337,"lower"
713,10.58,20,0,1816.00991122337,"upper"
714,0,20,0,1816.02633866541,"lower"
715,0,9.061,1,1816.02907657241,"upper"
716,0,6.449,0,1816.04550401446,"upper"
716,6.449,20,0,1816.04550401446,"lower"
717,0,13.444,0,1816.05097982847,"lower"
718,0,20,0,1816.09478634058,"upper"
719,0,20,0,1816.10573796861,"lower"
720,0,20,0,1816.15228238773,"upper"
721,0,20,0,1816.12490331766,"lower"
722,0,20,0,1816.13037913167,"upper"
723,0,5.603,0,1816.16597192276,"lower"
724,0,13.208,1,1816.19061308583,"lower"
725,0,13.668,0,1816.22894378392,"upper"
726,0,7.256,0,1816.23715750495,"lower"
727,0,20,0,1816.24263331896,"upper"
728,0,4.245,0,1816.25084703998,"upper"
729,0,15.799,1,1816.25084703998,"upper"
730,19.853,20,0,1816.26727448202,"lower"
731,0.491,5.208,0,1816.28643983107,"lower"
732,0,12.677,1,1816.30834308713,"upper"
733,0,20,0,1816.32750843618,"upper"
734,0,20,0,1816.34119797121,"upper"
735,0,20,0,1816.34941169223,"upper"
736,0,16.466,0,1816.37131494829,"lower"
736,16.466,20,0,1816.37131494829,"upper"
737,0,8.294,1,1816.37952866931,"lower"
738,0,16.976,1,1816.38500448332,"upper"
739,0,7.163,0,1816.40416983237,"upper"
740,0,9.091,1,1816.40416983237,"upper"
741,0,20,0,1816.40964564639,"lower"
742,0,20,0,1816.4561900655,"upper"
743,3.664,12.179,1,1816.48083122857,"lower"
744,0,20,0,1816.48356913557,"upper"
745,0,20,0,1816.49725867061,"upper"
746,0,20,0,1816.54106518272,"lower"
747,0,20,0,1816.55201681075,"lower"
748,0,20,0,1816.58760960184,"upper"
749,0,4.072,1,1816.60129913687,"lower"
750,0,20,0,1816.62046448592,"upper"
751,0,20,0,1816.62046448592,"lower"
752,0,20,0,1816.63962983497,"upper"
753,0,19.007,1,1816.63962983497,"lower"
754,0,8.127,1,1816.71629123117,"lower"
755,0,14.843,0,1816.650581463,"upper"
755,14.843,20,0,1816.650581463,"lower"
756,0,20,0,1816.65879518402,"upper"
757,0,19.303,1,1816.66700890504,"upper"
758,0,7.82,1,1816.67522262606,"lower"
759,0,20,0,1816.68617425409,"upper"
760,0,5.791,1,1816.73271867321,"lower"
761,0,20,0,1816.74093239423,"upper"
762,0,20,0,1816.7683114643,"upper"
763,0,2.176,0,1816.77378727832,"lower"
763,2.176,11.481,1,1816.77378727832,"upper"
764,0,20,0,1816.78473890634,"lower"
765,0,20,0,1816.79842844138,"lower"
766,0,20,0,1816.8066421624,"upper"
767,0,12.543,1,1816.85592448852,"upper"
768,0,20,0,1816.86140030254,"upper"
769,0,20,0,1816.86687611655,"upper"
770,0,0.716,0,1816.87508983757,"lower"
770,0.716,14.619,0,1816.87508983757,"upper"
770,14.619,17.74,1,1816.87508983757,"lower"
771,0,10.484,1,1816.88330355859,"upper"
772,0,8.403,1,1816.91068262866,"lower"
773,0,10,1,1816.9243721637,"lower"
774,0,4.74,1,1816.92711007071,"lower"
775,0,20,0,1816.93532379173,"upper"
776,0,11.985,0,1816.95722704778,"lower"
776,11.985,20,0,1816.95722704778,"upper"
777,0,20,0,1816.9627028618,"upper"
778,0,15.59,0,1815.90313285009,"upper"
778,15.59,20,0,1815.90313285009,"lower"
779,0,11.689,1,1817.0037714669,"lower"
780,0,20,0,1817.03115053697,"upper"
781,0,0.83,0,1817.03936425799,"lower"
781,0.83,14.454,0,1817.03936425799,"upper"
781,14.454,20,0,1817.03936425799,"lower"
782,0,20,0,1817.05852960704,"upper"
783,0,20,0,1817.06948123507,"lower"
784,0,20,0,1817.06948123507,"upper"
785,0,14.416,0,1817.07769495609,"upper"
785,14.416,20,0,1817.07769495609,"lower"
786,0,15.059,1,1817.0831707701,"upper"
787,0,20,0,1817.08864658412,"lower"
788,18.572,18.632,0,1817.09412239813,"lower"
788,18.632,20,0,1817.09412239813,"upper"
789,0,20,0,1817.09959821215,"upper"
790,0,20,0,1817.1187635612,"upper"
791,0,16.609,0,1817.12697728222,"upper"
792,0,20,0,1817.16530798031,"upper"
793,0,20,0,1817.17352170134,"upper"
794,0,20,0,1817.17899751535,"upper"
795,0,20,0,1817.25018309753,"lower"
796,0,20,0,1817.26387263257,"lower"
797,0,9.228,1,1817.26661053957,"upper"
798,0,15.744,1,1817.29125170264,"upper"
799,0,20,0,1817.29398960964,"upper"
800,0,20,0,1817.29946542366,"upper"
801,0,11.377,1,1817.30220333066,"upper"
802,0,11.3,1,1817.31041705168,"upper"
803,0,14.178,0,1817.3158928657,"upper"
803,14.178,20,0,1817.3158928657,"lower"
804,0,1.143,1,1817.3158928657,"upper"
805,0,20,0,1817.32958240073,"lower"
806,0.51,20,0,1817.36517519182,"lower"
807,0,6.112,0,1817.38160263387,"lower"
808,0,5.104,0,1817.38981635489,"upper"
808,5.104,14.906,1,1817.38981635489,"lower"
809,0,12.048,1,1817.40350588992,"upper"
810,0,20,0,1817.40898170394,"upper"
811,0,20,0,1817.40898170394,"lower"
812,0,5.074,0,1817.41993333196,"upper"
812,5.074,16.598,1,1817.41993333196,"lower"
813,0,11.563,1,1817.4719535651,"upper"
814,0,14.011,0,1817.48290519313,"upper"
814,14.011,20,0,1817.48290519313,"lower"
815,11.913,18.84,0,1817.49385682115,"lower"
816,0,20,0,1817.52123589122,"upper"
817,0,20,0,1817.53492542626,"lower"
818,0,20,0,1817.55956658932,"upper"
819,0,10.752,0,1817.56230449633,"lower"
819,10.752,19.035,1,1817.56230449633,"upper"
820,0,20,0,1817.57599403136,"lower"
821,5.75,20,0,1817.61980054347,"lower"
822,0,20,0,1817.62527635749,"upper"
823,0,20,0,1817.6280142645,"upper"
824,0,20,0,1817.63349007851,"lower"
825,0,20,0,1817.64170379953,"upper"
826,0,20,0,1817.65539333457,"upper"
827,0,20,0,1817.68003449763,"lower"
828,0,4.798,0,1817.69646193967,"upper"
828,4.798,14.983,1,1817.69646193967,"lower"
829,0,20,0,1817.70193775368,"lower"
830,0,4.789,0,1817.70467566069,"lower"
831,0,11.158,1,1817.71288938171,"lower"
832,0,11.766,1,1817.71288938171,"upper"
833,0,13.775,0,1817.71836519573,"upper"
833,13.775,20,0,1817.71836519573,"lower"
834,0,18.739,1,1817.75122007981,"lower"
835,0,1.099,1,1817.75943380083,"lower"
836,0,20,0,1817.76764752185,"upper"
837,0,20,0,1817.77586124287,"upper"
838,0,20,0,1817.79776449893,"upper"
839,0,20,0,1817.78407496389,"upper"
840,0,20,0,1817.79228868491,"lower"
841,0,20,0,1817.79228868491,"upper"
842,0,16.319,1,1817.83609519703,"upper"
843,0,20,0,1817.85799845308,"upper"
844,0,20,0,1817.8634742671,"upper"
845,0,20,0,1817.87442589512,"upper"
846,0,20,0,1817.87716380213,"upper"
847,0,20,0,1817.87716380213,"lower"
848,0,20,0,1817.89632915118,"upper"
849,0,4.488,1,1817.91549450023,"lower"
850,0,20,0,1817.92370822125,"upper"
851,0,20,0,1817.92918403526,"upper"
852,0,20,0,1817.94561147731,"upper"
853,0,20,0,1817.95930101234,"upper"
854,0,20,0,1817.97846636139,"upper"
855,0,20,0,1818.00036961745,"upper"
856,0,5.493,0,1818.00036961745,"upper"
856,5.493,14.832,0,1818.00036961745,"lower"
857,0,20,0,1818.00310752445,"lower"
858,0,20,0,1818.01953496649,"lower"
859,0,20,0,1818.0222728735,"upper"
860,0,20,0,1818.07155519963,"lower"
861,0.735,3.782,0,1818.07429310663,"lower"
862,0,20,0,1818.09619636269,"upper"
863,0,20,0,1818.1016721767,"lower"
864,0,20,0,1818.12083752575,"upper"
865,0,12.524,1,1818.1400028748,"lower"
866,0,20,0,1818.18380938691,"lower"
867,0,2.235,1,1818.20023682896,"lower"
868,0,20,0,1818.216664271,"upper"
869,0,20,0,1818.24678124807,"upper"
870,0,15.681,1,1818.26320869012,"upper"
871,0,4.228,0,1818.26594659712,"upper"
871,4.228,20,0,1818.26594659712,"lower"
872,0,20,0,1818.29058776019,"upper"
873,0,10.523,1,1818.32070473726,"lower"
874,0,20,0,1818.33165636529,"lower"
875,0,20,0,1818.33987008631,"upper"
876,0,20,0,1818.39462822645,"upper"
877,0,20,0,1818.39736613346,"lower"
878,0,20,0,1818.41105566849,"upper"
879,0,10.739,1,1818.4137935755,"lower"
880,0,20,0,1818.41926938952,"lower"
881,0,20,0,1818.42200729652,"upper"
882,0,5.052,1,1818.44117264557,"upper"
883,0,11.202,1,1818.46033799462,"lower"
884,0,20,0,1818.47128962265,"upper"
885,0,3.053,0,1818.48497915768,"lower"
885,3.053,18.646,1,1818.48497915768,"upper"
886,0,19.936,1,1818.50140659972,"lower"
887,0,20,0,1818.51783404177,"upper"
888,0,20,0,1818.52057194877,"lower"
889,0,20,0,1818.52604776279,"lower"
890,0,1.961,0,1818.53426148381,"upper"
890,1.961,18.148,1,1818.53426148381,"lower"
891,0,20,0,1818.56711636789,"upper"
892,0,17.595,1,1818.59175753096,"lower"
893,0,20,0,1818.59175753096,"lower"
894,0,0.182,0,1818.59723334497,"upper"
895,0,14.638,1,1818.60544706599,"lower"
896,0,6.884,0,1818.61092288,"lower"
897,0,20,0,1818.62187450803,"lower"
898,0,13.28,1,1818.62461241504,"lower"
899,0,12.286,0,1818.63282613606,"upper"
900,0,20,0,1818.64377776409,"lower"
901,0,11.818,0,1818.67663264817,"upper"
901,11.818,20,0,1818.67663264817,"lower"
902,0,20,0,1818.67937055518,"upper"
903,0,20,0,1818.67937055518,"upper"
904,0,20,0,1818.67937055518,"upper"
905,0,20,0,1818.68210846219,"upper"
906,0,20,0,1818.7286528813,"lower"
907,0,20,0,1818.7286528813,"upper"
908,0,10.405,1,1818.73960450933,"lower"
909,0,20,0,1818.74234241634,"upper"
910,0,20,0,1818.74781823035,"upper"
911,0,10.071,1,1818.76972148641,"lower"
912,0,10.676,1,1818.77519730042,"upper"
913,0,20,0,1818.80257637049,"upper"
914,0,20,0,1818.83543125458,"lower"
915,0,20,0,1818.85733451063,"lower"
916,0,5.916,0,1818.86281032465,"lower"
916,5.916,20,0,1818.86281032465,"upper"
917,0,10.054,1,1818.86281032465,"lower"
918,0,4.628,1,1818.86554823165,"upper"
919,0,20,0,1818.87102404567,"lower"
920,0,20,0,1818.8847135807,"lower"
921,0,10.72,1,1818.89566520873,"lower"
922,0,10.597,0,1818.89840311574,"upper"
923,0,12.584,0,1818.90935474377,"upper"
923,12.584,20,0,1818.90935474377,"lower"
924,0,3.574,1,1818.92030637179,"lower"
925,0,9.781,1,1818.9230442788,"lower"
926,0,3.566,0,1818.92852009282,"upper"
926,3.566,17.469,1,1818.92852009282,"lower"
927,0,20,0,1818.93673381384,"upper"
928,0,20,0,1818.94220962785,"lower"
929,0,12.491,0,1818.95042334887,"upper"
929,12.491,20,0,1818.95042334887,"lower"
930,0,3.541,0,1818.95316125588,"upper"
930,3.541,20,0,1818.95316125588,"lower"
931,0,20,0,1818.95863706989,"upper"
932,0,10.52,1,1818.97506451193,"upper"
933,0,20,0,1819.02708474507,"upper"
934,0,20,0,1819.04625009412,"upper"
935,0,3.431,0,1819.06267753616,"upper"
935,3.431,8.343,1,1819.06267753616,"lower"
936,0,9.879,1,1819.06815335017,"upper"
937,0,17.326,1,1819.08458079221,"upper"
938,0,20,0,1819.09005660623,"lower"
939,0,3.807,1,1819.09005660623,"lower"
940,0,15.566,1,1819.09005660623,"lower"
941,0,10.462,1,1819.09553242024,"upper"
942,0,3.396,0,1819.09827032725,"lower"
943,0,9.392,0,1819.10374614126,"upper"
944,0,20,0,1819.13386311834,"upper"
945,0,20,0,1819.13660102535,"lower"
946,4.601,20,0,1819.63490010062,"lower"
947,0,2.331,0,1819.16398009542,"upper"
947,2.331,20,0,1819.16398009542,"lower"
948,0,12.65,1,1819.17766963045,"upper"
949,0,12.316,0,1819.17766963045,"upper"
949,12.316,20,0,1819.17766963045,"lower"
950,0,20,0,1819.18040753746,"upper"
951,0,14.955,1,1819.18862125848,"upper"
952,0,20,0,1819.1968349795,"upper"
953,0,20,0,1819.21600032855,"lower"
954,0,4.266,1,1819.22695195658,"upper"
955,0,20,0,1819.22695195658,"lower"
956,0,8.861,1,1819.23242777059,"lower"
957,0,20,0,1819.24064149161,"upper"
958,0,20,0,1819.25159311964,"upper"
959,0,10.208,0,1819.28718591073,"lower"
960,0,20,0,1819.30635125978,"lower"
961,0,16.497,1,1819.32825451584,"lower"
962,0,20,0,1819.34468195788,"lower"
963,0,20,0,1819.35015777189,"upper"
964,0,20,0,1819.36110939992,"lower"
965,0,20,0,1819.36932312094,"upper"
966,0,20,0,1819.37479893495,"upper"
967,0,15.215,1,1819.37753684196,"lower"
968,0,20,0,1819.38301265598,"lower"
969,0,20,0,1819.41586754006,"upper"
970,0,7.396,1,1819.42681916809,"lower"
971,0,9.764,1,1819.44050870312,"upper"
972,0,20,0,1819.45146033115,"lower"
973,2.271,3.026,0,1819.46788777319,"lower"
974,0,20,0,1819.48979102925,"lower"
975,0,9.663,1,1819.51717009932,"upper"
976,0,20,0,1819.53633544837,"upper"
977,0,20,0,1819.55823870442,"upper"
978,0,0.526,1,1819.57740405347,"lower"
979,0,0.135,0,1819.59109358851,"upper"
980,0,8.039,1,1819.59656940252,"upper"
981,0,8.691,1,1819.63216219361,"lower"
982,0,8.779,1,1819.63763800763,"upper"
983,0,3.848,0,1819.64585172865,"lower"
984,0,20,0,1819.64585172865,"lower"
985,0,20,0,1819.65680335667,"upper"
986,0,8.666,1,1819.66227917069,"lower"
987,0,20,0,1819.66227917069,"upper"
988,0,20,0,1819.67870661273,"upper"
989,0,0.269,1,1819.68418242674,"upper"
990,0,1.211,1,1819.68692033375,"upper"
991,0,20,0,1819.70060986879,"upper"
992,0,20,0,1819.7060856828,"lower"
993,0,6.884,0,1819.7060856828,"lower"
993,6.884,20,0,1819.7060856828,"upper"
994,0,20,0,1819.71977521783,"lower"
995,0,9.945,1,1819.72525103185,"upper"
996,0,2.769,1,1819.72525103185,"upper"
997,0,12.768,0,1819.72798893886,"upper"
997,12.768,20,0,1819.72798893886,"lower"
998,0,11.757,0,1819.73620265988,"upper"
998,11.757,18.211,1,1819.73620265988,"lower"
999,0,20,0,1819.74989219491,"upper"
1000,0,20,0,1819.75810591593,"lower"
1001,0,20,0,1819.76358172995,"lower"
1002,0,20,0,1819.76631963695,"upper"
1003,0,20,0,1819.78822289301,"upper"
1004,0,20,0,1819.79096080002,"lower"
1005,0,20,0,1819.80465033505,"upper"
1006,0,20,0,1819.8238156841,"upper"
1007,0,2.657,0,1819.83750521914,"upper"
1007,2.657,15.407,1,1819.83750521914,"lower"
1008,0,10.528,1,1819.83750521914,"upper"
1009,0,20,0,1819.84845684716,"upper"
1010,0,20,0,1819.85119475417,"upper"
1011,0,8.601,0,1819.88131173125,"lower"
1012,0,20,0,1819.9004770803,"upper"
1013,0,9.03,1,1819.91416661533,"lower"
1014,0,2.58,0,1819.91416661533,"lower"
1015,0,2.799,0,1819.92238033635,"lower"
1016,0,20,0,1819.92511824336,"upper"
1017,0,20,0,1819.9415456854,"upper"
1018,0,11.536,0,1819.95797312744,"upper"
1018,11.536,20,0,1819.95797312744,"lower"
1019,0,6.624,0,1819.96618684846,"lower"
1019,6.624,20,0,1819.96618684846,"upper"
1020,0,0.012,1,1819.96892475547,"upper"
1021,0,20,0,1819.97713847649,"lower"
1022,0,20,0,1819.97713847649,"lower"
1023,0,20,0,1819.49252893625,"lower"
